-3.8059785,5.293786339,2.278827597,0.0021135223,39.787476,33.884003,1.0654762,57.659035,31.322742,-0.17480724,6,0
-0.68144798,3.030479166,2.797734712,0.00073169981,42.233002,31.591215,0.96523958,57.389729,29.615757,-0.13212615,6,0
-2.1658003,2.062596352,0.7209086374,0.00026079992,33.025658,26.137537,0.75283122,46.720547,28.812309,-0.42793658,6,0
-2.8290875,1.078308498,1.452137865,0.0025694722,21.304695,42.284462,1.9097531,60.616653,30.025017,0.11003062,6,0
-5.0376801,1.016084779,1.3338326,0.0017144891,32.28297,45.108311,2.1576035,68.670624,32.357979,0.069053248,5,0
-9.8819618,3.276671414,1.854193458,0.00036491992,61.819672,30.795652,0.75068164,67.400124,34.086479,0.4281306,5,0
-7.2583199,2.050500145,1.107813825,0.0036667995,39.256943,41.532318,1.7985085,70.993492,34.99752,0.32101837,5,0
-1.3298676,2.572852698,3.70039447,0.00033063622,47.761593,38.801243,1.2400911,62.235664,29.136065,-0.077072069,5,0
-7.7885256,4.302583116,4.177617762,0.00023671357,56.379272,32.688431,1.0558939,60.466503,29.804928,0.00064930879,5,0
-6.5283136,0.9458862817,1.360124656,0.0012799399,39.775974,34.988693,1.8649111,65.710342,33.341354,-0.014484944,5,0
-8.5912914,1.466388493,1.084084141,0.0014763501,51.065666,35.636215,1.4137576,69.234764,37.747578,0.092378631,5,0
-4.8714476,0.8368018083,1.00152961,0.0044559706,25.570892,47.969616,3.2966454,69.56385,33.003139,0.34716621,5,0
-7.5703816,2.011360468,1.724916765,0.00026604556,17.887592,36.070457,1.0931907,61.021042,30.017387,-0.11160477,5,0
-7.4638724,3.331649808,2.405641915,0.00057245255,60.90015,33.992878,1.0285965,68.671951,35.387642,-0.016527586,5,0
-6.5248671,3.948592259,2.125141542,0.0012567024,53.267467,35.675072,1.5299001,72.26947,36.085686,0.2166642,5,0
-5.3464928,1.099702226,1.881954151,0.00014103933,25.566841,36.508842,2.0392992,60.414822,29.116884,-0.36627021,5,0
-4.6635947,6.567269437,8.529717187,0.00018193867,24.864302,38.274887,1.4033788,57.743477,28.236788,-0.44760114,5,0
-4.3636856,1.827455614,1.365288379,0.0013473048,29.107035,44.200764,2.3325715,63.437675,31.035715,-0.28194368,5,0
-5.3157768,2.85294304,2.93111216,0.00018493058,43.99543,36.116131,2.1807075,61.01815,29.302778,-0.34909135,5,0
-5.8993654,2.828323548,3.510926152,0.00027229384,54.353409,26.410221,0.64154387,61.12085,31.718754,0.14801997,5,0
-5.1144748,1.059793497,1.540054666,0.0018780258,30.121098,34.632908,1.6244111,61.830692,29.78397,-0.083455294,5,0
-4.9882636,4.161126347,2.646006477,0.0022817752,36.460537,39.866402,4.417326,59.592461,31.519857,-0.32182142,5,0
-5.1183434,0.4896807874,1.416013287,0.001125144,23.903717,41.992283,1.6230907,61.40033,28.055784,-0.32314909,5,0
-4.2782516,3.633439798,2.680244478,0.00080611667,36.39949,33.724026,1.1347783,64.479568,31.783184,0.033578351,5,0
-2.8918512,2.940955381,1.876160649,0.0041768686,22.634186,56.211384,4.3075585,70.845375,30.392107,0.26739717,5,0
-6.9170432,1.073110901,1.640662852,0.00022647367,41.110695,32.005352,0.85457087,67.53981,32.611893,0.14648587,5,0
-3.5545616,1.481441229,2.747742247,0.00077657303,34.699169,38.321781,2.9983454,62.194054,28.960032,-0.66644496,5,0
-1.7630302,0.8109216946,1.188743891,0.0019522052,22.311342,43.531727,3.3010528,59.657055,29.168022,-0.80192125,5,0
-1.2849934,0.4060640749,0.9981987121,0.0042438991,10.160887,48.029575,5.4614325,61.604851,30.187767,-0.73107296,5,0
-6.2004271,1.929840233,2.574536617,0.00046057344,33.726856,35.021912,1.1791734,59.890038,28.088528,-0.47078654,5,0
-4.9342141,2.785909912,2.623698909,0.00059389364,41.996918,28.922686,1.0474303,62.810009,27.382288,-0.27786818,5,0
-3.4068658,1.309123361,1.333391571,0.0008304459,31.683519,41.916248,2.2143834,65.354401,32.177513,-0.24836391,5,0
-2.1051838,0.5699027192,0.5135997363,0.0036527929,18.124239,51.381153,3.9736199,70.436172,32.918324,0.3395763,5,0
-2.9777787,0.3214897198,0.4728835711,0.0020520203,25.507122,48.874245,5.0294166,61.226662,28.272522,-0.34965271,5,0
-6.7428513,0.5616556096,2.236472663,0.00053831463,37.891888,29.636421,1.0459749,61.853104,29.679605,-0.10545485,5,0
-2.9800854,0.4013364188,0.9064802699,0.0015835713,27.122549,42.680393,3.4808629,53.499496,28.09203,-0.48728436,6,0
-1.1359692,2.198909606,2.321563037,0.00045699137,34.217712,32.905609,0.58313096,51.748604,25.327528,-0.66033638,6,0
-2.0869122,1.094057427,1.392226621,0.00056911685,24.609917,46.138054,1.7238019,53.595257,28.481775,-0.43506175,6,0
-0.2151683,5.352758187,3.279540635,0.00016215025,37.902023,31.045883,0.42738491,51.196243,31.079821,-0.23150681,6,0
0.80942583,0.4070438899,0.6577249821,0.00015218393,31.606337,44.363457,1.1371589,55.627228,32.765049,0.032638833,6,0
-2.8961406,0.643649637,0.927684384,0.0019710832,17.674633,50.274033,1.5682999,63.429611,34.667732,0.056881011,6,0
-1.5902147,0.7581934038,1.447221837,0.00039738516,32.429279,34.988033,0.79991204,48.690147,26.121477,-0.72803736,6,0
-2.1561294,0.6032021025,1.572979765,0.00016997677,27.74378,34.972973,0.73022079,48.868877,26.24918,-0.72190994,6,0
0.10110736,0.6176343243,1.970700025,8.6978078e-05,21.627464,26.317158,2.1600728,46.013523,23.826195,-1.336055,7,0
-1.0796354,0.4375473461,0.2381271828,0.00027540314,18.669085,31.85586,1.0761225,47.826492,25.392632,-0.89710617,6,0
-0.43969899,2.194019284,0.6804483137,0.00032269341,24.629971,41.99435,1.0480708,53.583527,30.905819,-0.15474804,6,0
-0.97756124,0.1852996748,0.3574884259,0.0053562094,11.025517,44.950359,5.3512669,56.249706,32.218079,0.074786544,7,0
-0.1657024,0.1100490611,0.219531952,0.0010735126,12.756493,24.615076,1.8382343,44.576126,25.391605,-0.78580678,7,0
-1.30551,0.3745459751,0.4789022233,0.0028912334,13.449264,44.068623,2.7065883,54.791756,30.143965,-0.2499488,7,0
-0.11981949,0.1965790026,0.2818855061,0.00073341187,13.254112,35.093292,2.4329243,51.931145,27.134054,-1.1188017,7,0
-2.0482025,0.3567099006,0.3940331698,0.0012643745,19.286303,32.817814,1.5488646,48.977165,25.263123,-1.1048514,7,0
-1.4970232,0.2094371803,0.5316669701,0.0020241509,13.93942,31.784201,2.0892422,48.830719,28.132174,-0.36747223,7,0
-0.90771389,0.2946860221,0.6462581068,0.00099407462,19.016617,38.559044,1.1976614,51.843834,29.021145,-0.48645571,7,0
-1.3947219,2.112136072,-0.4672429232,8.7799126e-05,21.275045,26.903736,0.38452691,45.905251,24.193882,-0.818739,7,0
0.51195621,1.748980041,1.108549907,0.0001432514,39.223282,33.440884,1.1932231,57.877701,28.890953,-0.46847287,7,0
-0.94421136,1.145965511,0.8184217943,0.0019461918,19.507231,43.319778,2.1491575,55.721039,30.697071,-0.50890887,7,0
-0.88650215,0.7944383395,0.5663715143,0.00029151037,23.157608,33.385262,1.3902372,46.940445,25.476969,-0.99279851,7,0
-0.94335747,1.441203483,1.086542754,9.2309332e-05,37.342106,38.049232,1.4908639,47.607109,26.496965,-0.93670893,7,0
-3.7628384,1.061793851,1.43893773,9.8264347e-05,55.412846,28.117538,0.8320272,53.00507,24.892763,-0.54351616,7,0
-1.8906504,0.8690097497,0.8663829923,0.00068730436,32.02977,32.12048,0.82232869,54.838799,26.01132,-0.55780357,7,0
0.84284544,1.452359734,1.358118608,0.00037515449,39.897427,35.305687,0.99677604,58.076267,29.586353,-0.39491829,7,0
-2.4116099,1.352864303,1.124588779,0.0022383709,16.185865,47.186581,2.412225,65.601135,32.507957,-0.11568457,7,0
-3.1814024,6.220408684,1.125377825,0.00017143115,35.362495,34.394909,1.1926771,56.922661,27.49494,-0.42650253,7,0
-3.2483311,1.798056909,1.345791191,0.00033444277,31.425121,29.577429,1.2008098,56.003166,29.844904,-0.55516893,7,0
0.654719,0.2754896039,0.8989544276,0.00051251648,18.791716,21.685249,0.48682019,42.380188,27.378384,-0.79947418,6,0
1.2542367,2.075809704,1.307314365,0.00039616411,26.20211,32.462738,0.73106664,53.761875,29.595572,-0.40753812,6,0
1.8192992,0.3878954618,1.548277169,0.00018850905,9.4682627,23.39542,0.47228643,37.216904,23.475534,-1.2957301,6,0
1.768133,0.009476637108,0.0102738665,0.00050628115,2.7294068,22.683157,0.56643391,33.243263,23.687674,-1.4910009,6,0
-5.6108446,1.489106892,3.216382442,0.0003091392,53.705395,22.85972,0.59243321,54.853863,25.616514,0.52045172,6,0
-5.3677888,1.471493089,2.014324808,0.00044844951,35.247074,23.631699,0.59734213,54.798107,26.281416,0.41857624,6,0
-0.021657348,1.388616546,1.390921204,0.00032644818,33.80117,31.045883,0.42738491,51.196243,31.079821,-0.23150681,6,0
-5.1207838,1.789186432,3.292334916,0.00052668067,35.397652,35.008102,0.7494694,56.732441,31.93272,0.18649668,6,0
0.29354617,0.853055406,0.4441490032,0.00061642518,25.995415,34.678261,0.66798699,51.696545,29.8099,-0.3481487,6,0
-5.046083,2.154541258,1.917003087,0.00069621869,35.691868,33.309902,0.87155265,61.177547,30.689737,-0.15134482,6,0
-2.999577,1.983670209,1.821006545,0.00034420719,51.693756,27.329052,1.0358933,60.164749,28.911659,-0.1977846,6,0
-1.5216529,5.471788423,3.600092602,0.00015663698,59.063278,29.376894,0.81628293,59.614544,30.151981,-0.13872774,6,0
-4.3014646,4.838094149,2.959254785,0.000713546,53.167908,37.758129,0.69437164,62.721527,31.339783,0.2824055,6,0
-1.5314832,7.02788146,3.716297453,0.00047739007,52.685513,29.108238,0.64580542,57.223869,31.626087,0.082196444,6,0
-6.6843286,4.225587228,2.675847785,0.00020050209,57.564156,33.468128,0.80146974,57.1339,32.257748,0.31567925,6,0
-1.6368352,1.263423059,0.8676044672,0.0041226754,15.928559,46.731842,2.149267,63.039452,33.05143,0.08358717,6,0
0.72539002,4.291702901,3.959163866,0.00056729821,26.283613,27.854734,1.0060139,52.276524,28.246492,-0.34300521,7,0
-0.79703033,0.7488984873,1.911482846,0.00056648604,33.679279,36.307423,1.3305632,62.908588,32.49506,-0.21936336,6,0
-1.1178658,1.100748217,2.622238846,0.00033372099,44.916988,19.943975,0.75793701,57.173939,29.987562,0.16279839,6,0
-2.263154,2.560137667,2.545281907,0.0005164693,50.630104,30.326159,1.0064131,61.840599,31.280235,0.18870346,6,0
-2.5065444,1.498995691,1.061470576,0.0040243887,18.976269,47.176323,2.715626,68.187988,33.364586,0.24760157,6,0
-5.0108581,2.508818339,1.909388298,0.00044540863,38.120781,29.97801,1.0000823,61.456181,31.324017,0.17109586,6,0
-4.8728437,3.838940677,2.847378238,0.00048769271,39.396713,30.029179,1.1053077,60.978897,29.968504,0.094298765,6,0
0.65492988,2.667976033,1.824094755,0.00083791325,29.311359,38.315983,4.1665769,54.876457,29.041201,-0.73598176,6,0
-2.0842254,2.479047409,1.898815413,0.0018246139,32.880955,48.003639,3.2802637,60.156948,29.593082,0.38527423,6,0
-3.1351595,2.006694447,2.937891379,0.0011117287,46.670895,32.137104,0.94317895,57.9282,30.905035,-0.051156841,6,0
-2.704823,1.348250563,3.362275111,0.00085348048,40.151016,34.750225,0.8325001,56.218929,28.21373,-0.34947154,6,0
-5.2323623,4.638885693,4.665089238,0.00029226425,58.4543,23.489527,0.99533182,61.631542,30.064817,0.13925336,6,0
-3.8116574,2.682711177,4.253303213,0.00033471876,44.045483,28.34161,1.3986341,61.18087,31.309752,0.025523715,6,0
-1.8807381,1.113729079,0.6069612107,0.0018000961,28.356606,40.479816,1.9024481,62.349258,32.850838,0.16776673,6,0
-3.0952454,2.235502782,4.553251369,0.00033979476,46.534683,26.54484,1.2212125,58.610798,30.623522,0.084110387,6,0
-19.167072,0.597378633,2.524769604,0.00011869555,39.878696,28.544596,2.6720796,65.590324,34.51104,0.42740452,5,0
-4.9934878,4.575358967,4.283624499,0.00068915781,48.208988,32.844963,1.2180661,59.281147,32.377598,0.09380132,6,0
-2.9254346,1.604705286,0.601470306,0.0014030412,51.284103,28.363079,1.8438896,63.855862,32.843651,-0.048802663,5,0
-1.6829193,0.6216088334,0.5166796971,0.0083716093,11.06386,47.918705,8.378829,66.23658,33.256062,0.073200017,5,0
-1.8370316,0.3832760727,0.6860582251,0.0019975759,15.086758,35.372528,5.7092857,59.798973,28.78961,-0.37628675,5,0
-0.65775961,0.6238202936,0.412104863,0.0025291564,10.611023,44.57785,6.4551005,63.145699,30.437029,-0.53572625,5,0
-2.6297979,0.8871078505,0.9169491259,0.013259016,10.472016,46.299923,39.943974,64.768654,33.744328,0.21446571,5,0
-1.932164,0.475014472,0.6149181621,0.0047771283,11.491072,48.757469,13.347573,63.54063,31.331957,-0.089280158,5,0
-0.5750466,0.1686090191,0.1335784052,0.0019789159,5.2243004,45.009945,8.9691792,65.192039,30.265518,-0.38767889,5,0
-2.9984734,1.067124935,0.8068179916,0.0019858924,16.606695,52.015728,7.7114449,62.038784,30.537045,0.065061301,5,0
-2.0674825,0.4622657915,0.5887158846,0.0050999164,10.639445,50.280155,8.7910452,67.489037,31.55661,0.22558942,5,0
-0.5237624,0.5387093805,0.4403748918,0.0018836785,13.371637,45.478649,6.118907,61.19421,30.074793,-0.4548499,5,0
-1.2043946,0.3528473872,0.2698746392,0.0039023352,10.34795,45.599945,4.6595902,64.470581,32.905491,-0.089967996,5,0
-3.9945438,0.2014772096,0.8204084658,0.00048646191,29.100605,30.852863,2.1146355,53.720085,25.391615,-1.1055039,5,0
-1.3789631,0.5348603604,0.5292007187,0.0011643518,14.099195,35.705532,4.005404,55.16544,29.944176,-0.61852944,5,0
-0.75225306,0.4443837268,0.4457681363,0.0010533043,10.499999,59.650845,7.3942304,59.773582,28.077257,-0.62238681,5,0
-3.4043982,1.195485178,2.468266909,0.00077893893,37.662693,35.909882,2.4733419,58.806442,31.947756,-0.31234539,5,0
-2.61954,0.6130406661,1.272413171,0.0025253005,20.039747,48.976917,3.4706063,66.086281,32.178455,0.035101622,5,0
-3.1881645,1.282693974,2.560288108,0.00027086484,44.092255,33.79546,1.3772254,57.297485,30.37112,-0.3236804,5,0
-1.8302143,0.3622359564,0.4716235683,0.0021881433,14.605139,46.723061,3.3447616,61.193336,28.67071,-0.79660505,5,0
-4.8176541,1.355038655,1.243902612,0.0031216566,33.437798,40.975452,1.9441684,65.370384,32.610004,0.25187269,5,0
-3.2520168,0.7446438543,1.68662291,0.0018691885,29.628431,39.852058,3.9853909,61.540211,29.403091,-0.49746042,5,0
-3.4336493,0.6619051953,5.248035154,0.00012845834,50.631542,24.129238,1.238739,60.71545,29.327202,0.014462862,5,0
0.66261888,2.167650276,2.423799848,9.9630648e-05,44.91354,32.841961,2.6567721,59.902794,28.134167,-0.25726226,5,0
-1.4141963,0.5502766415,1.83130509,0.00014971747,30.984673,32.468491,1.1589108,58.45208,29.876402,-0.16661264,5,0
-3.7221215,0.5413026559,1.083613188,0.00083203736,33.450672,31.678003,2.608767,59.785778,27.948036,-0.22506206,5,0
-2.4631336,1.762474275,3.163213993,0.0004046204,36.601536,23.965267,1.7297672,56.953449,27.437744,-0.23065262,5,0
-2.1834226,0.6947699094,1.054119999,0.00033221761,15.06239,35.350471,3.152854,55.564774,27.951077,-0.9026069,5,0
-3.1422176,0.2782973743,2.194155962,0.00043751739,29.289982,35.599007,2.6931741,56.00806,26.819769,-0.81458873,5,0
-5.1214271,1.489203867,2.576078951,0.00037882078,39.342754,28.769201,1.5601922,57.81778,26.445833,-0.2896359,5,0
-2.2056313,0.1873341529,0.4212321439,0.0014529612,14.530375,43.129547,3.1730685,61.433029,30.444279,-0.56300354,5,0
-2.2850008,1.132040413,1.442693075,0.0013917334,21.018393,38.544151,2.4497879,61.87936,30.844042,-0.20648547,5,0
-4.3878374,1.158858374,2.085107718,0.00040058725,39.099106,30.742374,1.352369,58.795963,27.860081,-0.39726126,5,0
-2.7270362,0.7619613458,0.7168335455,0.00029595327,35.374935,28.151834,1.6175026,62.783581,24.874685,-0.61993235,5,0
-4.8632565,0.8552261953,3.759108286,0.00027453786,33.031731,27.518234,1.1001251,61.824173,28.381815,-0.3699795,5,0
-1.7150581,0.6099038178,0.5166188952,0.011061829,13.559209,54.603256,5.9815216,69.55558,34.454674,0.64358485,5,0
-7.8035831,0.8121372184,2.335480592,0.00047562469,43.737309,25.908497,1.3392127,63.207584,33.248951,-0.11267933,5,0
-3.0459681,1.645588157,2.794140371,0.00067241263,29.847288,46.469601,3.7846749,62.513966,30.12289,-0.22688605,5,0
-2.7866945,1.861038977,6.008006314,0.00031905514,48.42065,31.692032,2.8422003,65.261536,30.786053,-0.1905939,5,0
-2.2277429,0.8158242295,2.59585577,0.00077472581,38.093517,35.881153,3.4493613,65.272728,30.534761,-0.2298325,5,0
-6.2503653,0.7165918969,1.997246594,0.00055631431,54.777199,29.87583,0.69352371,60.67939,30.787554,0.24188277,6,0
-6.1436849,1.773985777,2.467308098,0.0016056078,43.202091,33.829227,1.4912814,60.17688,32.538059,-0.059046447,5,0
-0.55197328,0.7247367341,0.6985075911,0.0011829311,26.740196,42.018871,5.2769756,57.944839,32.134098,-0.273642,5,0
-0.010253489,3.407344845,2.46943473,0.00024624768,41.802715,34.42482,1.7319524,57.867359,29.926765,-0.16617939,5,0
-3.877651,2.685904569,3.34716206,0.0005029692,30.05155,46.703102,2.8977301,55.301231,30.03614,-0.37586534,6,0
-1.4520251,0.3321299832,0.5104670604,0.0014090525,10.024244,55.301559,3.9136262,66.170189,32.095524,0.014717281,5,0
-1.114218,0.1426955888,0.3617159503,0.0006005477,9.9749832,41.449566,4.6996288,57.341343,29.151949,-0.55189061,5,0
-5.3199201,1.664702573,0.9650813675,0.00016389911,41.870865,25.93697,2.3719893,59.226643,27.006439,-0.062167116,5,0
-5.3199201,0.9508322871,1.221893893,0.00023915889,38.239483,25.93697,2.3719893,59.226643,27.006439,-0.062167104,5,0
-4.0864563,0.7158234961,1.115412273,0.00067462935,25.091309,31.235022,1.6067349,58.283478,28.796133,-0.12736253,5,0
-2.201602,2.427929046,2.974743941,0.00022620671,47.492573,36.53931,3.4641371,59.388699,28.996403,-0.32075539,5,0
-5.833642,0.7440491783,3.012262375,0.00086423295,31.348986,39.006245,2.6232581,59.767765,28.134447,-0.35540468,6,0
-4.0413098,10.03082273,2.746638124,0.00060128997,34.023949,38.017998,0.80459487,57.677738,31.078726,-0.27120832,6,0
-1.2470126,1.606456916,2.573294081,0.00037165865,37.757462,39.585564,1.8885497,55.747868,29.178345,0.010788417,6,0
-1.0500252,4.571128428,3.681955201,0.00039470667,52.120937,43.32238,2.3113723,56.425423,29.63722,-0.02716925,6,0
-3.7987814,2.148866,3.284813149,0.00061781221,45.449318,26.048401,0.47742143,52.598888,26.317835,-0.25059953,6,0
-1.3355345,0.3780664794,0.4279132593,0.0038152186,15.88138,47.009182,1.6198751,60.852814,32.669415,0.076921284,6,0
-1.3283663,1.194538527,1.555761256,0.00098644034,25.644831,44.397697,1.8955154,54.564571,29.671967,-0.44011092,6,0
-3.0443935,0.8542908048,2.014473079,0.00026481965,48.973236,29.924356,0.76431167,48.656887,26.757559,0.020383837,6,0
-1.9681636,0.2476918885,0.4792807979,0.0020919619,11.528023,50.974091,5.1267991,58.575516,29.358578,-0.61234832,5,0
-2.1614299,0.7730930725,0.5644858148,0.0021498413,19.248915,39.447689,2.0868347,55.217636,28.300323,-0.35576081,6,0
-1.243785,0.7676176912,1.527869661,0.00029552946,42.550163,33.251034,0.83426636,52.62183,25.968773,-0.086009264,6,0
-1.9370347,0.558182616,0.5859612107,0.0013082938,18.754581,46.656326,2.1432593,62.050598,32.937355,0.071511269,6,0
-4.0535197,0.8396926048,3.194442961,0.00031779884,42.187836,35.335251,1.5981238,56.769901,27.160114,0.023218824,6,0
1.6370512,0.3215109599,0.6339795146,0.00081934175,15.434461,27.985701,0.72235405,43.658424,24.999395,-1.0098615,5,0
-0.0031907111,0.008528002663,0.01434766443,0.00025895223,2.2832372,27.186806,0.6970796,39.6768,26.490837,-1.0612842,5,0
-2.3005519,0.4525189238,0.5599881378,0.00034814878,10.535255,24.196756,0.4640474,40.341896,23.976904,-1.2094032,5,0
-0.59433913,0.2338976727,0.1956918431,0.00070022047,10.839145,43.939796,4.3513913,67.396271,27.665651,-0.21225765,5,0
-2.7675159,0.64672763,1.030009555,0.0095147677,14.398196,49.49437,5.1771493,67.973793,31.819996,0.17930508,5,0
-2.1940074,0.2325840016,0.9565197776,0.00021240137,18.312321,37.077652,2.0789227,62.010025,26.838308,-0.63417125,5,0
-0.83992219,0.2090949735,0.1706416705,0.016332384,5.6047359,62.556477,15.596102,73.437195,33.591042,1.0248269,5,0
-0.32558218,0.2375377888,0.182278005,0.00050993927,15.655195,43.51149,1.8741323,58.64719,28.435061,-1.07225,3,0
0.46342462,1.192288187,0.5422774857,0.00044627718,38.293839,43.349728,1.8709166,63.507019,29.522015,-0.51944202,3,0
-2.4925687,0.2510241042,0.3037273872,0.00020629076,10.91977,38.456734,1.5426065,55.289059,28.09605,-1.0111547,3,0
0.78082383,1.27885993,0.6870632489,0.0011610491,32.689236,42.727821,1.9490229,62.329239,34.34066,-0.065361373,3,0
-0.68705678,0.7466414454,0.4405355344,0.020555934,26.263704,49.768555,6.0302877,60.341446,35.0121,0.30495161,3,0
-2.2447348,0.1999408901,0.1764914371,0.0017536451,21.192406,61.748974,4.357594,68.017784,34.915127,0.25422722,3,0
0.38349405,0.6362288521,0.2767984964,0.00048011454,16.656654,49.225014,1.7672545,57.823872,29.864607,-0.33432835,3,0
-0.68739206,0.6834876292,0.5278737736,0.00214496,30.985838,41.047039,1.7732617,56.884182,32.113613,-0.36149889,3,0
0.11231899,1.630799389,1.10179377,0.00042255127,32.291637,43.981586,2.0665665,58.652561,28.307226,-0.46714872,3,0
-1.0444432,1.481405957,1.573586191,0.00018821647,28.894127,48.553925,2.071399,61.048084,28.924227,-0.41422999,3,0
-1.1624575,0.7809091157,0.5755409966,0.0019256406,31.186462,50.700821,2.9459248,65.858437,31.943327,-0.10394029,3,0
-1.425524,1.196603637,0.9019459945,0.0045070578,33.585423,47.322433,3.3664405,66.622398,33.640228,0.12167245,3,0
-0.82204938,0.8144799386,0.5305246819,0.0005009076,17.497301,46.87484,1.6620157,64.233574,30.315205,-0.41264027,3,0
0.53655356,0.6706147425,0.5077973195,0.00027386189,21.673798,36.949284,1.3529831,58.933502,29.976833,-0.56969893,3,0
-0.15567467,0.6947585204,0.7299044707,0.00034251541,21.503834,34.631149,1.3321044,52.824539,30.468918,-0.76225984,3,0
0.070403516,1.078759227,0.5392702124,0.0003456345,20.131756,34.492477,1.4281807,52.295006,30.413788,-0.77385414,3,0
-1.1647894,0.9415889013,0.7463984971,0.0047350503,28.856882,44.402378,2.2321479,62.891094,34.309807,0.13119854,3,0
-1.258172,3.35098838,1.056994947,0.00039708937,35.144161,27.151817,0.70899695,58.740719,30.148788,-0.36528534,3,0
-0.91256797,1.443620405,1.828210183,0.00042424002,33.683022,30.325005,0.73896152,61.749344,35.984051,-0.13582659,3,0
-1.9842207,1.216249483,0.7287885329,0.007279125,22.80974,45.966049,2.6067982,64.518715,33.33997,0.29251701,3,0
-0.09008795,11.18897113,4.226714879,0.00020351363,42.340572,28.295645,0.60732758,54.404289,25.610443,-0.39742398,6,0
-0.59138983,4.476480412,0.9657380534,0.00048388512,40.3298,32.920483,0.87666374,62.708694,31.16922,-0.31658286,3,0
-0.28540194,2.319999287,1.293222899,0.0018258492,22.083553,48.953682,2.1633399,67.175331,31.953196,0.17190292,6,0
-0.09008795,1.399855275,4.447386694,0.00014018753,34.694736,28.295645,0.60732758,54.404289,25.610443,-0.39742404,6,0
1.5132993,1.319088753,2.17134006,0.00030693098,34.027039,37.558765,0.89612865,59.937294,31.128666,-0.13295469,6,0
2.6666603,0.7509568395,1.13907254,0.00065611792,23.329737,32.935585,5.0375357,53.689957,29.425562,-0.63628769,6,0
-1.4701128,0.9453187535,0.6668435203,0.0040701819,22.218597,43.99115,1.9153678,65.062653,34.172718,0.077970251,6,0
-1.2759314,6.025471032,1.471669662,0.00018173143,37.076946,33.614983,0.91681927,62.542038,30.750334,-0.28070554,6,0
0.19888282,0.9561083833,0.7973358313,0.00023150808,36.018959,21.569269,0.51039523,55.848152,28.004128,-0.32044148,6,0
0.61183274,1.108023121,1.143789026,0.00068349211,29.898304,31.428429,0.82941073,57.121372,28.380108,-0.5185796,6,0
0.52825063,1.285857027,1.0927027,0.00097754097,38.533325,36.931717,1.5468676,63.843937,33.294701,-0.030765122,3,0
0.32220483,2.665534179,1.318828345,0.001045134,35.969051,33.627121,1.1655123,63.634747,32.135155,-0.35048547,3,0
0.18368363,0.9956357075,0.5769237991,0.0033155046,24.777777,45.01384,2.8324475,62.757736,32.567818,-0.23458458,3,0
2.7131677,3.971104517,1.702438093,0.00039318859,49.957726,31.534019,1.3657721,65.88726,31.977013,-0.34645528,3,0
-1.1149361,1.391447834,1.162922104,0.0025561152,29.374079,42.675655,3.3028636,64.38636,33.34338,-0.10842085,3,0
1.4954299,3.35936813,1.788059166,0.0013132059,53.249931,34.905128,2.3689384,68.576935,34.306938,0.0090622343,3,0
1.23007,1.894409674,1.912882297,0.00048189264,50.731678,34.726055,1.5120585,65.631325,34.485729,-0.17560896,3,0
0.65245479,1.733223744,8.616317075,0.00075394014,43.985905,35.219429,1.4180738,63.179405,34.226177,-0.2119616,3,0
-2.6701317,1.120039164,1.289249288,0.001675804,34.176128,37.572567,1.2821089,61.53326,34.414917,-0.14531454,3,0
-0.48999488,2.137923089,0.9838266203,0.0020594012,31.556562,43.157722,2.246769,70.371597,34.756279,0.17495416,3,0
-1.1960417,0.9363373829,0.6206399773,0.0052037397,18.655346,46.512714,2.6255581,69.294968,34.326736,0.30173123,3,0
1.8452197,1.770324457,0.7708851067,0.00059213524,42.603962,30.306473,1.130252,63.471203,32.468941,-0.23720451,3,0
0.91374367,1.947009971,0.7156804826,0.00099699479,29.449987,39.226776,1.9892149,60.781796,29.462984,-0.5444653,3,0
1.2548611,1.11485805,0.8030906703,0.0013222494,30.765591,47.48357,3.5985603,63.707207,29.79368,-0.28952432,3,0
0.42545572,4.993670283,4.041572188,0.0010414984,29.887173,47.228344,3.9025505,58.799732,30.796341,-0.28568053,3,0
-2.0769999,1.337318869,0.877486125,0.0015019211,28.542671,40.003471,1.2544663,66.024712,31.575335,-0.3025679,3,0
2.5703595,21.03054103,3.140219904,0.00023419864,30.016624,37.312916,0.8637988,57.529114,26.590151,-0.8812052,3,0
0.54739863,0.9630952706,1.011417843,0.00022782618,13.952011,35.322319,0.94337529,60.867779,28.650129,-0.7161597,3,0
-2.5968029,0.9942020443,0.461819396,0.0026194961,27.553654,39.389164,4.1891508,57.853527,30.369373,-0.49437106,3,0
-0.63866973,1.5501654,1.030427811,0.0026678133,33.562202,34.075115,1.6112914,59.941147,30.72854,-0.23757881,3,0
-1.4014274,1.476564552,0.8710817471,0.0016408612,37.110287,37.983154,2.4488993,61.663364,34.044182,-0.30368975,3,0
-1.6099215,1.144003506,0.6154474246,0.010487015,24.975344,46.865604,4.9884381,62.85593,34.455605,0.23594387,3,0
-1.6600087,1.382662369,1.032652764,0.00080298184,30.343224,33.484634,0.84159261,51.964355,26.660288,-0.70978642,5,0
2.5827005,3.839983398,1.879894098,0.00072314829,30.559534,29.02833,0.83201212,55.450691,30.314499,-0.67357004,3,0
-4.0392342,1.315509339,0.5737070943,0.00057425501,39.006428,32.216728,1.2482879,49.879734,27.971718,-0.8682155,3,0
-2.0363331,0.7946957791,0.9800831882,0.00082515919,18.478441,34.53466,1.2282343,52.379112,27.902729,-0.82756805,5,0
0.18692464,0.3789159739,0.9143235656,0.0008691033,27.87694,28.824381,0.91090322,48.327412,27.11595,-0.83075666,3,0
-0.44925734,0.9480744589,0.5991276457,0.00055878155,11.81424,36.915344,1.8256884,48.674755,27.094105,-0.84810764,3,0
-1.6487048,0.8446983912,0.5683561453,0.0058709984,16.816343,49.177902,3.466785,66.806747,34.781857,0.42135924,3,0
-0.26671141,1.275156197,1.040777054,0.0012700459,38.615791,31.707954,1.6986424,62.766945,34.253304,-0.21735066,3,0
0.62731731,0.9069728295,1.868722146,0.0011811705,24.07839,42.510952,2.8879628,55.775375,28.841595,-0.41416502,2,0
-1.2408435,1.448785259,1.156486827,0.0016883941,21.118759,29.128483,0.94750905,55.423485,28.913843,-0.68971097,2,0
-0.7937454,0.5562626394,0.4150901322,0.010554595,15.706144,43.793575,2.4111152,58.36591,32.23909,-0.10031477,2,0
-0.025092065,0.9645125359,0.7096170873,0.0033401167,28.477692,35.781116,2.2018092,55.417706,31.873194,-0.4275918,3,0
-0.65329522,1.34121365,0.9538850675,0.0026520442,32.221481,38.270329,2.1107452,59.236176,32.414211,-0.3536666,2,0
-3.7351303,1.108532689,0.7680792897,0.0017656679,25.997919,47.181446,3.2460165,63.519733,32.238544,0.089736879,5,0
0.72820485,2.177368484,1.883933191,0.00024649655,16.249914,27.008072,0.86185688,45.254185,23.74263,-1.3619887,5,0
-0.68205857,0.5720585746,0.6107223665,0.001020781,11.892154,40.118809,1.9998243,49.633396,26.802671,-0.81928062,5,0
1.1293806,0.7403446091,0.6177975639,0.00016453941,22.483992,27.478159,0.82993591,45.432762,23.622631,-1.4210314,5,0
0.052675977,0.3062986373,0.2980871418,0.00070016121,9.0330553,25.814831,0.86177659,41.804905,25.505648,-1.0329725,5,0
-0.55013227,0.169542005,1.39707914,0.00023559984,15.665243,25.425667,0.96930927,44.663502,24.156487,-1.1583605,5,0
-1.3411313,0.260439195,0.2954776911,0.0014193762,10.140804,36.640129,1.4147792,51.429295,31.024632,-0.30874819,5,0
-2.4515889,0.2310397468,0.4401435623,9.3281364e-05,26.776722,34.910763,1.0128174,52.055878,25.978752,-0.72514719,5,0
-0.22697486,0.02301610066,0.01104164833,0.00085803663,4.2099233,24.84222,0.56693298,36.184231,22.389042,-1.4882848,6,0
-2.2141786,0.449622287,0.6351387429,0.0013666496,20.221743,30.942873,0.97727042,45.310154,26.121014,-0.8600378,5,0
-2.8380349,1.543998641,2.011007235,0.00060561561,36.668705,37.284172,1.8526193,66.213402,28.721294,-0.43526754,5,0
-1.5725181,3.519760844,1.602461398,0.00070559088,33.05328,42.127773,2.0463037,67.37484,29.438889,-0.32563704,5,0
-1.6587629,1.426884553,1.867591106,0.0014662618,28.315887,30.712095,1.7200191,63.77005,29.948145,-0.40502951,5,0
-0.23984089,0.7390648974,1.245535448,0.00061700214,20.987768,34.45322,1.3026344,57.739235,27.094994,-0.89925802,5,0
-1.6691178,1.204923348,1.100978336,0.00039158482,27.956158,33.355896,1.9800601,64.019058,28.409698,-0.49094602,5,0
-1.5858054,1.081366131,0.9929013731,0.00091627013,20.256815,48.658173,3.7483234,65.791939,29.266188,-0.31014577,5,0
-1.8085241,1.252877515,1.079526521,0.004489026,20.779268,49.684326,4.1346149,64.775475,32.007118,-0.064024925,2,0
-1.0099187,1.977812722,1.423710685,0.00064319174,28.776089,43.754665,3.37135,63.546688,30.525661,-0.30650669,2,0
-3.6883101,6.272013312,5.265690624,0.0012371027,34.652847,51.328205,5.001637,63.427608,29.873451,0.2533564,2,0
-3.1278877,2.241147295,2.015014905,0.0095154587,25.625607,51.137512,5.3643012,65.552429,33.071033,-0.046789795,2,0
-2.1340296,1.287332317,0.9583871664,0.001411373,25.160658,45.673027,3.5171249,62.757935,29.19207,-0.42048275,2,0
-1.3492882,2.470070095,1.399106832,0.00080105267,31.314131,37.297779,1.8048062,58.24564,29.669643,-0.53157526,2,0
0.81193447,1.868225349,1.669853226,0.00016499509,54.415726,28.412474,1.0690258,55.747215,31.136879,-0.49607539,2,0
-0.94091523,0.6576329564,1.004600732,0.00100761,21.209423,40.281906,3.6734483,56.872047,25.962269,-0.89552617,2,0
0.17707795,0.9971001502,0.5718377241,0.00068037462,17.180775,42.066967,4.8662729,59.593426,25.807285,-1.1570507,2,0
-0.55228621,4.284336526,1.763013689,0.00044918631,33.874252,41.750729,2.5466573,62.224854,31.193642,-0.36040279,2,0
-2.2335567,0.4664644289,0.7138727316,0.0042040222,13.885882,52.149212,4.9944062,67.962059,32.347965,0.014294386,2,0
-2.2157087,2.796548972,2.407739612,0.00076065166,35.062962,30.305943,1.3995333,60.613304,29.648287,-0.38555723,2,0
-3.0359342,1.683173254,1.550722503,0.003252557,25.209951,37.013821,2.4197795,61.638023,31.649649,-0.15716083,2,0
-2.4257331,2.494960896,1.706882405,0.00089868129,37.057281,33.616123,1.2227803,60.494881,29.420959,-0.27934524,2,0
-1.8804371,1.101975909,2.363436944,0.0024235717,28.044489,42.519169,4.8579531,66.509789,31.497702,0.18469714,2,0
-3.234762,2.029693619,1.868939519,0.0041446378,33.458786,32.631142,2.7466469,67.200035,31.479942,0.011627953,2,0
-2.5966718,1.804072584,1.274328613,0.0038793883,25.26898,38.00972,2.6038001,69.121346,32.842133,0.24034537,2,0
-4.6705008,1.940797034,2.318935882,0.0032256024,20.458342,51.75843,8.0265484,65.115532,28.399988,-0.28355688,2,0
-2.7569261,0.7794886493,1.108815437,0.043989558,12.904777,49.452789,27.781868,60.647606,36.253815,0.58704388,2,0
-2.18627,0.6231093586,1.186545221,0.0040057818,11.794064,51.11565,8.2349081,64.372269,31.005836,-0.079999119,2,0
-3.5399585,1.316312678,1.333740661,0.021625707,21.54789,51.472084,19.714794,66.802689,34.737003,0.57859063,2,0
-2.894309,0.7780435824,0.8515433787,0.02173467,17.260418,46.370853,6.1849289,64.787994,33.6749,0.20890906,2,0
-4.2886162,0.5395954752,0.4000398099,0.0020771869,20.938232,50.547516,4.8317742,70.585617,34.183647,0.36386862,5,0
-3.0856171,0.4263273718,1.75754183,0.0014373069,20.946579,37.820728,3.1334097,66.624161,29.044104,-0.56559032,5,0
-2.2292285,0.3942021735,1.232227143,0.00056465238,23.821932,39.748241,2.2566116,68.734917,30.318188,-0.551799,5,0
-0.025450438,0.4320580348,2.409363819,0.00018304947,29.198208,51.742535,5.530652,61.959999,26.120584,-0.16917661,5,0
-2.5366821,2.788786652,2.814720089,0.0011413749,23.96172,43.825516,3.2912471,62.514668,26.635759,-0.63101375,1,0
0.64517409,0.5299916365,2.075286712,0.00014095183,25.162094,36.931782,8.4212503,55.856522,26.363045,-1.1184762,1,0
0.64517409,1.270960343,1.842083679,0.00034677077,24.825626,36.931782,8.4212503,55.856522,26.363045,-1.1184762,1,0
-1.9056976,2.668923753,1.764488433,0.0026781163,23.538538,45.010178,3.4286256,68.43866,29.883841,-0.22277534,1,0
1.6370304,1.426755255,1.398475114,0.0011818769,21.845055,53.795063,4.0509095,70.574692,28.802908,-0.16175374,1,0
-0.83620918,1.802464246,2.270383319,0.00037023003,29.303923,41.679771,4.0567007,65.845535,27.278343,-0.48096436,1,0
-0.55430382,2.415666235,1.498477081,0.0010031529,20.548937,45.511284,3.6333461,69.202042,29.184263,-0.33013225,1,0
-4.6960354,2.59195722,2.452084078,0.0061146114,27.517933,45.713528,12.40567,67.604111,33.376877,0.088429302,1,0
-0.32106116,0.004894103912,0.01510117453,2.4535142e-05,2.2084482,59.895931,4.7742548,65.95929,26.902733,-0.77127087,1,0
-0.32106116,0.03612201314,0.3501795471,4.6991034e-05,3.5869565,59.895931,4.7742548,65.95929,26.902733,-0.77127087,1,0
-3.3048353,1.554797952,1.396294336,0.018987412,17.875496,57.301937,11.845465,69.389107,33.498295,0.41757315,1,0
-3.6268144,1.866169286,2.21372085,0.0042712078,22.524162,52.338455,4.7522097,71.493256,31.484798,0.099902526,1,0
-0.91249049,1.615703983,1.240663329,0.00045043917,23.470661,44.981869,3.1908796,69.743111,31.753912,-0.2848258,1,0
-2.56828,3.402633771,2.051846028,0.0027368392,21.76384,50.188763,7.4573927,66.873772,31.87199,-0.18264785,1,0
-3.8610272,1.271309116,1.20366325,0.013317657,23.864521,53.824646,10.316713,70.191109,34.046631,0.33136457,1,0
-3.6024303,0.7009627456,1.128353727,0.00070942851,23.608349,48.951748,3.5027564,66.50016,30.666437,-0.31630522,1,0
0.36257803,1.23129061,1.180309904,0.00018699553,34.853542,37.671696,1.2298757,64.086029,27.659637,-0.42415583,3,0
-0.57226866,0.2022904464,0.4614168949,0.00018321059,15.254031,45.04224,1.7519656,57.346672,27.480968,-0.72134542,3,0
-0.55278689,0.2624287883,0.5851617659,0.00013374192,16.61492,43.279583,1.5872676,57.903259,27.28669,-0.58354628,3,0
1.8976927,0.4154735523,0.281782313,0.00023597277,19.105616,36.971024,1.2189698,64.248688,27.654398,-0.90679622,3,0
0.70775449,0.7622735675,0.7972794933,0.00033999051,32.79361,39.166023,1.3545182,66.100471,28.184116,-0.37399364,3,0
0.86804926,0.8500036512,0.9034368903,0.00019342343,27.69492,39.895584,1.4153713,67.084305,28.417885,-0.35163546,3,0
2.5172412,8.387462914,1.935133765,0.0002702451,42.886414,44.04578,1.5858865,72.106049,28.570271,-0.43379125,4,0
4.3441458,0.8865190005,1.293298257,0.00014208013,23.254671,41.702934,1.3197635,70.084579,26.846251,-0.46044952,4,0
-0.93874782,0.9887325035,1.106112651,0.00057860743,26.84174,51.035683,2.4619794,74.234619,30.773703,-0.3163529,4,0
-1.1524127,1.749288082,0.8987039578,0.00039607674,32.765305,45.424187,1.9208995,75.030907,30.053869,-0.42635453,4,0
0.93794465,0.7904409334,1.859121464,0.00084273663,21.628429,46.872997,1.3816282,71.728722,31.007893,-0.059891082,4,0
-2.3394375,1.039849086,0.9576314069,0.01012295,21.012308,59.239941,4.4601555,74.752937,34.853951,0.75208724,4,0
-0.79710186,0.7100087442,0.3367453696,0.0001380747,19.793781,32.599934,1.0223343,65.959236,26.123568,-0.5436734,4,0
2.0170636,0.6329270096,0.4712059514,0.00047967344,17.885834,42.999508,1.777988,59.824173,26.400658,-0.89936823,4,0
2.6664398,7.66007055,2.082152985,0.0008265276,22.290308,53.769905,3.4907281,76.063606,27.856976,-0.31180865,4,0
3.6413655,0.8039671044,0.6116708799,0.00028530389,30.499378,41.847965,0.96301508,70.317162,29.801994,-0.29005048,4,0
1.5649841,2.314927084,0.2598071538,0.00032527544,27.447201,46.768551,1.1235955,70.041481,27.564917,-0.57659668,4,0
1.3979495,0.3211171151,0.2678791719,0.00029383344,26.143921,41.080727,0.97555834,68.70092,26.569715,-0.6082707,4,0
3.7323966,0.8497124777,1.281657257,0.00043885151,33.208309,51.058239,2.9395757,73.051277,30.166039,-0.31732723,4,0
0.47499388,0.5810245535,0.2513651087,0.00088583067,24.877251,43.299328,1.6763051,66.649734,30.457291,-0.26714534,4,0
4.0449514,2.878645163,0.7108850074,0.00012378854,22.833035,52.601868,2.8736198,71.917862,28.366589,-0.48588037,4,0
-3.3766894,0.7668140358,0.6843378902,0.00074583752,25.113455,49.954006,3.1549315,71.066193,29.67997,-0.38315311,4,0
-1.4348969,0.7746183373,1.071919032,0.00091415568,28.11817,55.213093,2.6767905,72.02713,32.511105,0.34973478,4,0
2.6709704,0.4915509738,0.4005361902,0.00055962813,30.296539,38.578781,1.4507819,65.977478,28.913805,-0.45619041,4,0
4.1512461,1.474414899,0.8160614497,0.00074890902,41.47905,40.165855,1.9058496,70.596748,31.479103,-0.16832276,3,0
-1.1559486,1.100564979,0.7666401611,0.0019886941,35.280235,40.0732,1.6998429,70.626358,31.102749,-0.083757304,3,0
-3.4894705,0.4285909533,0.3349912775,0.0010979939,27.592859,40.165855,1.9058496,70.596748,31.479103,-0.16832276,3,0
1.8191113,0.6053790223,1.740956602,0.00024524407,26.980888,31.931767,1.1892393,64.450333,27.056139,-0.63444346,3,0
0.19781888,0.9554757368,0.6352241269,0.0013931853,30.258667,39.528114,1.9093292,67.187515,29.703674,-0.34399074,3,0
0.13267249,2.120839606,0.529351488,0.0011552001,26.566366,44.561153,1.8053548,69.422691,28.74847,-0.29020083,3,0
-0.58052391,2.700387163,1.413180569,0.00081067428,24.856598,47.176258,2.0363047,70.786232,27.810329,-0.37285388,3,0
2.3041458,2.73914647,1.147351434,0.00044860801,26.956064,40.80925,0.82654542,72.869423,27.654325,-0.29633647,3,0
-0.034763664,0.6993088916,0.3716069487,0.0020519807,18.021206,59.704735,3.653594,75.975159,31.121338,0.33774501,3,0
-0.57598799,4.490335093,0.912285415,0.0006388902,30.613857,38.52319,1.5277389,69.204544,29.93828,-0.34329221,4,0
0.5726397,1.549662542,2.424801364,0.00039515455,30.267063,44.956474,1.8744211,63.914768,29.858124,-0.37711418,3,0
-0.97709447,1.003039459,0.7616582868,0.00039310465,35.121967,39.166615,0.98207182,64.103027,28.768932,-0.60008091,3,0
-0.8033216,1.485168538,1.262483931,0.00075331255,19.563503,55.604057,2.4326823,67.674568,33.449924,0.2610749,3,0
-1.1326976,0.7024138118,0.1396090497,0.0015254755,23.674303,53.716557,4.9453874,64.443176,30.120024,-0.12237765,3,0
-0.39348304,1.23039507,0.9515895285,0.00056033512,33.277557,41.032295,2.0371442,65.949783,31.050638,-0.31423792,4,0
0.19431114,1.16084874,0.557794927,0.00060431316,21.761671,44.151947,1.7994261,61.873375,29.761024,-0.418648,3,0
0.61163306,1.2015784,0.6118498624,0.0015182098,22.45624,48.397709,2.9472539,65.672119,32.556404,-0.039331913,3,0
-0.37623048,0.6046347528,0.5811027084,0.00028362559,28.4258,38.615398,1.5553832,69.59111,30.472338,-0.32523155,4,0
-1.6933501,0.5300328435,0.3587914368,0.0020892427,25.450335,45.581581,2.5022576,62.339294,32.16951,-0.14306143,3,0
-1.4130428,1.461565523,0.9127519667,0.0020985764,34.792721,41.918579,3.2746069,69.175407,35.690983,0.026080385,3,0
-1.7149999,1.170941184,0.8199564912,0.0063694702,26.65531,50.301872,4.1678033,69.483223,35.618076,0.32152086,3,0
-2.5084541,1.00285857,1.225995124,0.00051322428,24.419714,40.169243,1.6038088,64.606079,29.422256,-0.60488427,3,0
-2.7400262,1.183695992,0.9962188062,0.029638005,20.787527,53.069561,15.218971,65.547806,36.073799,0.56351054,3,0
-3.6987915,1.954076722,1.186569052,0.0023015623,37.090023,44.776783,3.82125,66.988579,33.895256,-0.031000525,3,0
-0.26612803,4.170765238,2.517833309,0.00042189503,18.087318,31.88073,2.7172925,56.365402,28.731924,-0.46445742,4,0
-0.8456111,5.627646325,2.000923321,0.00049899565,30.133629,34.707096,1.1086172,59.203999,27.869871,-0.77581024,4,0
-2.8808138,0.8003791145,0.686072236,0.0089874547,21.010954,50.613701,2.7769129,66.305504,33.677853,0.32481223,4,0
-1.0828584,7.13445106,1.853324498,0.00014099001,34.655247,36.809601,1.300426,69.365517,31.053431,-0.24929836,4,0
-0.50233233,1.232847941,0.6492484849,0.00034065457,26.671024,37.23592,0.85018623,63.981598,28.794119,-0.67044497,3,0
-0.10145083,0.1909979979,0.1423922783,0.0010250987,9.0716934,47.964123,1.7891172,72.035988,34.221207,0.10280773,3,0
-2.5576062,0.4826235576,0.675969631,0.0014994887,24.008423,42.904911,1.5951802,63.347618,31.989973,-0.22937424,3,0
-0.021907687,0.6826024362,0.4644445534,0.00058778829,24.941336,36.044689,0.85843557,64.719688,29.495617,-0.5249576,3,0
-1.798892,1.417209184,2.740107918,0.00021035585,39.388882,30.13872,1.1704159,56.67606,29.118343,-0.40340298,7,0
-2.4180934,9.311746701,3.33786188,0.00032544381,37.757473,24.962503,0.88624775,55.578709,26.082588,-0.3466385,4,0
-1.6835763,0.7138488589,1.937741761,0.00025386029,31.235075,31.300005,1.2359332,56.907166,29.83098,-0.42075831,7,0
-1.7509117,3.186050856,2.65904579,0.00017499912,34.055386,29.577429,1.2008098,56.003166,29.844904,-0.55516893,7,0
-1.7509117,0.5740680661,1.257678834,0.00022866552,33.612221,29.577429,1.2008098,56.003166,29.844904,-0.55516893,7,0
2.3162887,0.7193058615,1.194559777,0.00060464389,26.8085,32.054523,1.1508033,55.943096,27.691137,-0.67986977,6,0
-2.7347178,4.407405227,2.770563581,0.00044696213,44.271309,34.437515,1.0178477,59.63496,28.762812,-0.21524546,6,0
0.19872934,1.741078181,1.104660331,0.00052958052,19.836061,39.597591,1.0317252,55.886822,27.34935,-0.73961729,6,0
0.17563403,25.40527033,7.004115634,0.00012317103,28.318363,40.823116,1.0118043,56.238586,27.692709,-0.68222851,6,0
0.76493025,0.7541014508,0.7843541807,0.00055020454,25.717508,42.237942,1.464669,60.882523,29.438389,-0.53558952,3,0
0.88521314,0.8500129579,0.6370192973,0.001055649,16.951933,46.393898,2.3245809,55.767471,28.666702,-0.69306803,3,0
-0.13185292,0.3157934784,0.08863445999,0.00015608953,5.5582714,36.554874,0.81543297,54.85347,25.597963,-1.0092254,3,0
-0.79350322,3.372528448,1.806974633,0.00071310555,26.840233,28.341135,0.83881748,56.517071,26.850208,-0.70261633,4,0
1.5092387,1.070870606,1.21975216,0.00027638307,26.775414,26.100773,1.1396797,51.1082,24.87714,-1.048062,4,0
0.34713298,3.35595168,1.600402197,0.00045581034,38.096565,26.845211,1.3542894,55.988026,29.16416,-0.53060269,4,0
-0.35110265,5.675817437,2.245507567,0.00071401015,38.06118,32.616081,0.93755609,60.538681,31.484938,-0.30161464,7,0
-0.31208023,0.6448941662,0.5850949726,7.7350523e-05,61.11692,43.644012,1.808249,63.692017,25.158823,-0.73490149,4,0
0.17871559,0.4076967897,0.3090233142,0.0011337387,12.170468,48.617588,2.1528056,61.004238,26.762571,-0.70758039,4,0
-1.8601284,0.05042000863,0.03975377629,1.5606907e-05,7.6538196,41.606308,2.5271807,59.168686,24.31366,-1.1212308,4,0
-1.8601284,1.708497903,1.919480956,6.573819e-05,31.772036,41.606308,2.5271807,59.168686,24.31366,-1.1212308,4,0
0.1457721,1.467664863,2.562369614,0.00022490519,27.265533,34.443169,1.1247487,63.234024,28.79015,-0.61379188,4,0
0.89680851,1.54101071,1.121908032,0.00019672893,29.075798,42.791229,1.9426888,61.13139,29.738924,-0.63180363,4,0
1.7820134,0.8530242366,1.330891918,9.3122035e-05,43.261292,40.519276,1.6610883,61.454571,29.028629,-0.64032841,4,0
1.0011874,0.2328344245,0.2012849319,5.7295052e-05,23.991241,38.161835,0.55385262,62.089806,26.00297,-0.67365706,4,0
1.954782,0.02773993778,0.6004291548,4.6141311e-05,42.97398,37.438347,1.2792178,61.890446,28.037762,-0.65222055,4,0
3.4341455,0.83244084,0.3415323031,0.00012027395,25.429106,38.112267,1.60276,63.890285,27.61021,-0.57901162,4,0
1.954782,3.353858191,0.4772754876,0.00015364581,17.589516,37.438347,1.2792178,61.890446,28.037762,-0.65222055,4,0
0.33285582,0.05953018793,0.04043653591,0.0004313378,6.178843,50.763153,1.7920861,64.899673,25.51285,-0.86594725,4,0
0.78042859,0.07176667441,1.744791689e-07,1.4670469e-05,3.577292,47.567284,1.0120698,64.140427,19.991844,-1.0274608,4,0
0.15278049,0.06382231618,0.01274709562,4.6896705e-05,3.536186,52.361942,2.182302,65.279388,28.278061,-0.78505278,4,0
0.15278049,1.579496174e-06,0.001767019644,1.3069574e-05,5.3908358,52.361942,2.182302,65.279388,28.278061,-0.78505278,4,0
2.2543273,0.7116308981,0.3589137358,9.6920819e-05,11.712558,47.739281,1.5686604,64.027657,23.340057,-0.89084244,4,0
2.5745056,0.07582641427,0.03037432204,2.7504557e-05,1.9577357,47.739281,1.5686604,64.027657,23.340057,-0.89084256,4,0
0.44784769,3.065662867,0.459645669,6.591664e-05,23.456413,51.406788,2.0555091,65.025902,27.239323,-0.80730623,4,0
0.15278049,0.08995150708,0.02141351527,0.00030444417,4.9777317,52.361942,2.182302,65.279388,28.278061,-0.78505278,4,0
1.1993215,0.02104824057,0.1073767081,5.2020878e-05,2.9060824,50.348431,1.9150158,64.741936,26.099699,-0.83172107,4,0
-2.8271804,0.01126008955,0.00209237638,1.2579233e-05,3.0040824,47.123104,2.3515551,63.763721,25.435698,-0.77617133,4,0
-0.60102248,0.00393422812,0.008188331707,1.277686e-05,2.6263332,43.533169,1.591526,61.534424,21.312174,-0.86914229,8,0
0.78042859,0.09953920609,0.004601493407,1.8456396e-05,4.2180772,47.567284,1.0120699,64.140427,19.991844,-1.0274608,4,0
0.74711925,0.5925828318,0.1385208499,4.3212582e-05,6.0148182,45.003624,0.9083966,63.666813,21.231129,-0.82125014,4,0
-0.60102248,0.004576219455,2.282760647e-07,9.4145289e-06,1.1025013,43.533169,1.591526,61.534424,21.312174,-0.86914229,8,0
-0.60102248,2.830900126,0.04705437773,5.3797306e-05,15.38252,43.533169,1.591526,61.534424,21.312174,-0.86914229,8,0
-0.60102248,1.462996914e-07,5.528654709e-07,1.9501524e-05,2.7681661,43.533169,1.591526,61.534424,21.312174,-0.86914229,8,0
-0.60102248,0.08210734408,0.02100264066,5.4469772e-05,4.8746686,43.533169,1.591526,61.534424,21.312174,-0.86914229,8,0
-0.38074571,0.01813683008,0.01505832705,5.1556181e-05,2.9971836,44.202415,1.495396,61.96143,21.089115,-0.89588904,8,0
0.78042859,0.2588909521,0.2907483779,0.00011547079,8.8346596,47.567284,1.0120698,64.140427,19.991844,-1.0274608,4,0
-0.012219325,0.1601488771,0.04819291059,9.8657343e-05,7.1591301,47.23011,1.6128855,63.329159,23.045305,-0.8864817,4,0
0.73246431,0.04695587486,0.01403559105,0.00011120813,2.3117845,48.116589,1.146139,64.27095,20.940182,-0.99971783,4,0
3.1902411,1.10430932,0.3777719906,0.00015243045,24.707945,47.804459,1.3127083,69.431915,26.245111,-0.12553124,4,0
3.1902411,0.1981739884,0.56063627,5.5767243e-05,18.539331,47.804459,1.3127083,69.431915,26.245111,-0.12553124,4,0
0.79915226,0.492366479,0.434538413,0.0006687835,13.349552,50.309212,1.7508222,77.299377,34.014389,0.071513504,4,0
3.1902411,1.113247033,0.4512257567,0.00014788646,28.610151,47.804459,1.3127083,69.431915,26.245111,-0.12553124,4,0
3.1797886,0.2579992318,2.326898982,7.6976976e-05,11.406788,49.929966,1.6290998,68.676399,26.187811,-0.34462747,4,0
-0.17936602,0.7500842957,2.860961231,8.948351e-05,15.177052,44.596809,1.5058215,71.463661,26.92124,-0.32883435,4,0
0.79098397,5.16323166e-07,0.002106405664,3.2190001e-05,1.5700999,43.924965,0.86477584,63.470047,21.755392,-0.73401523,4,0
6.3505421,3.371658863e-07,0.006604317266,3.1933436e-05,2.2135501,40.335579,0.71962255,62.82568,23.512157,-0.44169772,4,0
-0.17936602,0.2745788534,0.5394494609,0.0002216374,13.481757,44.596809,1.5058215,71.463661,26.92124,-0.32883435,4,0
0.72552788,0.5062153393,0.5869780422,0.00036420088,13.476768,44.619564,1.2909908,62.749744,26.517359,-0.68822497,4,0
2.2527866,0.05860752365,-0.006781633746,0.00014038049,11.541723,56.333805,2.928355,66.837555,25.892723,-0.81270874,4,0
0.41542947,0.286966535,0.1134847647,0.00011698325,15.260133,44.239731,1.5980731,64.995773,25.375834,-0.6357038,4,0
2.040837,0.1682442902,0.1699997627,0.00045970734,10.290215,56.394897,2.9960728,67.058823,26.234283,-0.7827704,4,0
2.4249852,0.1514024742,0.07514565388,0.00075406674,9.8057213,60.695225,1.9985242,72.153381,28.585697,-0.27957559,4,0
2.5745056,0.3182156413,0.1611746592,6.6360204e-05,26.466921,47.739281,1.5686604,64.027657,23.340057,-0.89084244,4,0
2.5745056,0.3989664576,0.09113833774,0.00016066154,10.806039,47.739281,1.5686604,64.027657,23.340057,-0.89084244,4,0
2.5745056,1.673199393,0.04601420158,1.3097408e-05,18.181818,47.739281,1.5686604,64.027657,23.340057,-0.89084244,4,0
3.2903366,0.4361160679,0.4832492528,0.00043350004,18.527508,45.677094,1.3742127,66.12989,24.517513,-0.66508341,4,0
2.3440866,0.8764181204,1.493806286,0.00026797075,25.500891,32.599934,1.0223343,65.959236,26.123568,-0.5436734,4,0
-0.33136457,0.01274211387,0.03577960263,6.5893393e-05,3.3568013,43.686504,1.3776848,65.66497,22.697222,-0.60058582,4,0
0.70514679,0.0823711347,0.03815654613,4.4558066e-05,5.4705186,41.499462,1.873029,72.067268,28.033554,-0.31863713,4,0
-0.37845188,1.279126973,0.4563897936,2.7490036e-05,6.5216498,43.817108,1.3481046,65.27948,22.36412,-0.6181854,4,0
4.3448844,0.2131025248,0.1972295549,4.8910708e-05,1.9210289,40.335579,0.71962255,62.82568,23.512157,-0.44169772,4,0
2.2531338,1.579902973,2.153744482,0.00018594308,20.741571,44.937065,1.3033034,69.446465,25.653225,-0.42021543,4,0
-3.2262518,1.859817014,0.1930800168,0.00010773505,17.351475,46.851063,0.84847051,68.721924,25.075098,-0.53726935,4,0
-0.17936602,0.07269707068,0.1669793952,8.4926476e-05,17.775764,44.596809,1.5058215,71.463661,26.92124,-0.32883435,4,0
-3.2262518,0.06074125046,0.1017686709,8.5757099e-05,13.920738,46.851063,0.84847051,68.721924,25.075098,-0.53726935,4,0
4.3448844,0.04829243039,0.01674890225,4.3251617e-05,3.5603609,40.335579,0.71962255,62.82568,23.512157,-0.44169769,4,0
0.99780631,0.01120145238,0.01713713008,2.4271323e-05,3.8736329,43.422729,1.2892032,69.092125,26.025715,-0.35848218,4,0
4.3448844,0.02114263034,0.002770568405,7.5185053e-05,4.2877569,40.335579,0.71962255,62.82568,23.512157,-0.44169772,4,0
0.7707516,0.05152017397,0.01369714969,1.2935063e-05,18.35206,40.335579,0.71962255,62.82568,23.512157,-0.44169772,4,0
5.6644835,2.415233299,1.019894593,0.00033674011,19.844742,47.059231,1.6113706,69.658798,26.991049,-0.5054,4,0
5.339016,0.7293672202,1.081970416,0.0002130816,15.234071,41.71608,1.3406415,68.600555,25.737329,-0.44776973,4,0
3.6894693,1.406850567,1.005171281,0.00023420771,25.709951,45.945778,1.8292986,66.806976,26.91847,-0.23049408,4,0
4.2467012,0.3217440544,0.5165907182,0.00025175215,24.73485,42.229412,1.3999467,68.382225,25.88199,-0.42115891,4,0
3.0374482,0.7827517975,0.5013613549,0.00025219689,22.072247,46.190937,1.6190207,67.774109,27.110994,-0.33357006,4,0
0.4536882,1.773654037,1.684367405,0.00020881018,28.0348,42.783257,1.160737,69.513084,29.126755,-0.27610406,4,0
2.2581294,0.7046303334,0.541102346,0.00022518917,25.662031,42.261032,1.6884406,67.585655,27.877808,-0.37521482,4,0
2.842766,0.7117223337,0.4820074333,0.00040560437,25.89212,45.945896,0.80958837,66.774628,27.67263,-0.55005032,4,0
-0.72538555,0.2696458536,0.2425426123,0.0021023396,13.071842,55.399384,3.7761807,73.974823,35.437946,0.5117169,4,0
3.434144,1.868438561,0.7113474348,0.00014057994,29.429976,38.112267,1.60276,63.890285,27.61021,-0.57901162,4,0
1.2577846,0.2560794407,0.05645150398,0.00014362432,16.444262,38.985466,1.2730147,69.915558,30.085907,-0.13650981,4,0
1.3234943,0.3133047057,0.1453944172,0.00019858012,20.615471,40.162823,1.6082314,68.025093,28.426689,-0.45801634,4,0
-1.3745441,0.6281253952,0.7006740682,0.00058683992,11.814585,50.258636,3.0153825,65.709999,28.894032,-0.69819802,4,0
0.77075177,0.01913878449,0.04718001123,3.1124993e-05,3.7550271,40.335579,0.71962255,62.82568,23.512157,-0.44169772,4,0
0.77075136,0.2074472757,0.4392335666,2.1827918e-05,20.04311,40.335579,0.71962255,62.82568,23.512157,-0.44169772,4,0
0.7707516,0.0006708966491,0,5.2548694e-06,0.70581365,40.335579,0.71962255,62.82568,23.512157,-0.44169772,4,0
0.77075136,1.094703192e-07,1.271248214,4.2038952e-05,0.69043672,40.335579,0.71962255,62.82568,23.512157,-0.44169769,4,0
-0.37845188,0.2712621312,0.3463030639,0.00026573701,15.286964,43.817108,1.3481046,65.27948,22.36412,-0.6181854,4,0
0.090347603,0.283949767,0.6121662501,0.00035377833,7.0611701,57.289307,4.4635119,64.812798,28.311045,-0.25568247,8,0
-0.11234805,0.06574468618,-0.02485127648,8.3472798e-05,7.6548367,59.415226,4.9551249,64.736816,29.359123,-0.19179538,8,0
0.26824605,0.1569599063,0.1594631963,7.9556448e-05,2.840579,41.546371,0.93819386,63.677715,23.094772,-0.50586218,4,0
2.7856112,0.3013403669,0.5836412013,0.00021924886,22.742546,42.370815,1.9131335,70.415817,26.377785,-0.27351207,4,0
0.61779916,0.8033503307,0.8275374014,0.00023597431,37.999283,40.766838,1.5264754,67.223099,29.383215,-0.22395441,4,0
2.3753874,0.3230923853,0.2169623485,0.00016970078,23.046967,53.548397,1.4900687,72.782379,27.022133,-0.54475874,4,0
1.6740456,0.1036156691,0.06749376112,0.00011045067,12.064083,42.749603,1.1752168,70.536949,25.738302,-0.64890653,4,0
0.70514679,0.2842345119,0.3779896471,0.00029228456,22.853502,41.499462,1.873029,72.067268,28.033554,-0.31863713,4,0
3.6731079,0.3575947418,0.4582621152,0.00071288634,23.288462,40.944233,1.620278,68.495399,27.855904,-0.42766398,4,0
0.42969733,0.1179131231,0.06220136966,0.00010034702,21.104082,40.424942,1.5870438,66.6688,30.006275,-0.15131366,4,0
-0.043540448,0.451764942,0.6023288848,0.0011076332,19.237225,60.719044,2.910995,73.572502,32.176373,0.114443,4,0
1.6740456,0.5596359619,1.54821792,0.00016382278,23.926649,42.749603,1.1752168,70.536949,25.738302,-0.64890653,4,0
1.7717018,0.9847508689,0.7433914666,0.0001983827,27.432323,38.544369,1.2881163,68.849403,29.837925,-0.1758832,4,0
-0.44412017,0.5570879386,0.488496691,0.002920826,12.493747,53.557819,3.1850119,71.461952,33.447224,0.43344602,4,0
1.8326044,0.06370439403,0.2691751772,0.00014212566,10.944395,41.433323,4.1958346,62.037998,23.924953,-0.60246515,8,0
1.002562,0.2890294644,0.9403265423,6.7996662e-05,14.42732,43.836926,1.5043077,65.172279,25.001732,-0.63002181,4,0
-0.37845188,1.330511689,1.628816677,1.0127907e-05,43.858604,43.817108,1.3481046,65.27948,22.36412,-0.61818534,4,0
-0.035698339,0.01005019687,0.01237103258,3.3425284e-05,2.2168536,43.949646,1.2497861,65.414894,23.166111,-0.62294406,4,0
0.72250813,0.4143838094,0.3997677336,5.6045174e-05,20.163233,41.668613,1.8177122,71.709404,27.901819,-0.33688152,4,0
1.0314524,0.1840258682,0.07081246434,0.00013659176,5.1988287,44.378834,0.93140966,65.858665,25.726572,-0.63813663,4,0
-1.9697003,1.910486596,0.649333873,0.001788726,16.432167,59.961414,7.4151769,62.3815,31.799053,0.14937565,8,0
1.8326044,0.003052999941,0.0137466466,1.8196019e-05,5.7383409,41.433323,4.1958346,62.037998,23.924953,-0.60246515,8,0
-0.78599715,0.009318811164,0.008420119988,1.8196019e-05,1.732265,41.433323,4.1958346,62.037998,23.924953,-0.60246515,8,0
-1.6170856,0.608545238,0.2507548407,0.00066724903,15.978168,45.556744,3.1902404,58.713306,29.520527,-0.61607689,8,0
-0.11065826,0.08278509901,0.008959178482,8.0601414e-05,2.2320671,44.700794,3.0503206,56.572838,25.566992,-0.73554444,8,0
1.8326044,0.05201542545,0.03305595206,4.4752371e-05,5.8828502,41.433323,4.1958346,62.037998,23.924953,-0.60246515,8,0
0.42890793,0.1915669514,0.00212183923,3.0058447e-05,8.5673285,49.880733,0.93423885,68.770294,21.705883,-1.108544,4,0
0.42890793,0.4958468204,0.01552326501,2.4046758e-05,7.5576024,49.880733,0.93423885,68.770294,21.705883,-1.108544,4,0
0.42890793,2.727661287,0.2187169084,4.7234702e-05,21.350878,49.880733,0.93423885,68.770294,21.705883,-1.108544,4,0
0.42890793,0.04685236078,0.05480867238,7.0852053e-05,3.6736746,49.880733,0.93423885,68.770294,21.705883,-1.108544,4,0
0.42890793,0.04689753148,-0.02673252614,3.5211324e-05,0.93382245,49.880733,0.93423885,68.770294,21.705883,-1.108544,4,0
0.6169185,1.113918478e-07,0.0007044593716,2.3230052e-05,0.81031483,47.43243,0.93297988,67.462967,23.479771,-0.90100479,4,0
1.0314524,0.1123515223,0.3636376747,8.4852451e-05,12.192922,44.378834,0.93140966,65.858665,25.726572,-0.63813663,4,0
2.2723482,0.450547238,0.36713169,0.00021400733,19.590416,52.727169,1.5161705,72.732964,27.093973,-0.52869689,4,0
1.2613363,0.6027204912,0.4569138182,0.00017905055,21.93881,47.342392,1.1119658,68.104782,26.141258,-0.608248,4,0
0.90652591,1.359101442,0.1019587465,5.1457395e-05,9.1694851,44.700794,3.0503206,56.572838,25.566992,-0.7355445,8,0
-0.74972415,0.05411736559,0.03025498903,0.00033948052,2.3016944,59.964603,5.5959282,72.789177,25.610252,-0.31797424,8,0
-0.90378708,0.2466952055,0.02838673468,3.2306052e-05,5.1197743,60.896946,5.7514186,73.841133,25.612337,-0.29786497,8,0
0.14587641,0.4026766937,0.08182170935,0.0001324687,8.654376,59.494549,4.9977531,65.214195,29.126766,-0.1983732,8,0
-1.8086076,1.906820814,1.366829618,0.0013667367,25.712118,58.400475,5.0585237,66.243591,29.188787,0.027276129,8,0
-2.63042,1.227555692,0.9755531326,0.0075899209,15.215993,62.009632,6.8819456,71.186028,33.701588,0.70942092,8,0
0.32921135,0.1551646578,0.05043621882,7.788009e-05,4.5378227,47.283283,1.356768,64.800552,25.562044,-0.97627813,4,0
0.32921135,0.1242804782,0.1181828107,9.6204813e-06,12.015352,47.283283,1.356768,64.800552,25.562044,-0.97627813,4,0
2.3859665,0.09614834028,0.1015248754,0.00015142301,25.309536,45.031158,10.495947,65.549675,26.881716,-0.35812241,4,0
0.32921135,1.353691589,0.4322420445,0.00020340447,18.313635,47.283283,1.356768,64.800552,25.562044,-0.97627813,4,0
-0.46965331,0.2563929418,0.3103861718,0.00032322982,24.097076,50.197556,2.4977767,68.947617,30.67613,-0.36898881,4,0
0.42890793,0.7122203199,0.2557145675,0.00015115105,6.2023616,49.880733,0.93423885,68.770294,21.705883,-1.108544,4,0
0.42890793,0.01991196276,0.004782122336,3.8646576e-05,9.9004765,49.880733,0.93423885,68.770294,21.705883,-1.108544,4,0
2.3859665,0.004359070573,0.007824297768,2.5608302e-05,1.8225782,45.031158,10.495947,65.549675,26.881716,-0.35812244,4,0
-1.0694251,2.338836475,0.4995103614,8.9145135e-05,18.149023,47.219711,2.2760468,71.97197,26.890251,-0.69658589,4,0
2.0213299,0.2954023888,0.1520608956,5.0480088e-05,15.32484,47.982056,1.3277754,71.640038,26.355112,-0.59886909,4,0
-0.40206164,0.2296639842,0.1562990031,4.919132e-05,20.02442,48.296871,1.7328944,70.689804,24.793785,-0.86317426,4,0
-1.0694251,0.7016868584,0.4661009312,0.00024006992,22.836779,47.219711,2.2760468,71.97197,26.890251,-0.69658589,4,0
0.19006133,1.209871438,0.3271476726,8.7369583e-05,25.283262,44.800312,2.8953712,62.156944,27.109804,-0.71245027,4,0
0.91987479,0.7151769868,0.02498866151,7.696711e-05,21.506395,53.521133,5.9338584,64.494492,27.338999,-0.81944495,4,0
0.24322122,0.1403295157,0.2712799953,0.0006060531,9.7003651,55.142487,6.9980769,61.412704,28.100863,-0.80529815,4,0
-0.68773925,0.5094747049,0.2217488959,0.0011754323,15.476072,53.372307,2.8421919,69.143829,32.915565,0.041061789,4,0
-1.5952975,0.9417517512,0.2901457157,0.0020023074,30.296999,51.396072,4.6742907,67.277565,32.985813,0.12707822,4,0
1.462388,0.7463619094,0.2569939551,0.00028897342,26.834145,49.706161,2.5269227,68.39563,30.918774,-0.3438209,4,0
-0.61811656,0.9230683655,0.4844291557,0.00021347626,30.474907,45.63097,1.422969,62.732399,27.493715,-0.67093521,4,0
0.96971989,0.9269734965,0.974966631,0.00019749673,26.853842,53.877747,3.2618008,62.656994,28.401522,-0.45545235,4,0
-2.0807595,0.2250413317,0.09557834964,0.00018819007,36.342754,46.34325,2.5704913,67.143242,30.440409,-0.36618149,4,0
0.55913329,1.122489683,1.091338408,0.00060094317,30.779392,45.165077,1.4025673,60.46571,30.6485,-0.34288332,4,0
0.19006133,0.4109118266,0.5854590591,0.00032912518,20.426277,44.800312,2.895371,62.156944,27.109804,-0.71245027,4,0
-2.1196187,0.5084656714,0.7758639996,0.0063452632,16.262775,52.625824,3.2194045,70.093895,34.650562,0.42942762,4,0
-0.96673071,1.798344117,0.6081845726,0.00059441384,24.98494,39.290894,1.1671137,63.612514,28.494406,-0.44019848,4,0
0.69909167,2.752289987,1.893083346,0.0003127628,25.049105,36.484303,1.5284126,59.545506,27.455723,-0.77248806,4,0
1.0011874,1.062350024,0.7630906899,0.00014202717,22.145067,38.161835,0.55385262,62.089806,26.00297,-0.67365706,4,0
1.0011874,0.7938778919,2.458617385,7.1417075e-05,14.696569,38.161835,0.55385262,62.089806,26.00297,-0.67365706,4,0
-0.57063997,2.11949199,0.8580786841,0.0010479405,15.071554,52.7355,3.5001967,70.873871,31.859976,-0.29337913,4,0
-0.38055331,1.890708529,1.426774499,0.00025647556,19.733459,33.031509,3.3586361,57.836784,28.391943,-0.44946527,4,0
-2.3328848,4.33328204,1.795542201,0.0014646949,24.582991,43.399521,2.075633,63.027649,30.292562,-0.30072659,4,0
-2.8132842,5.417977981,2.529882352,0.00041760554,30.984125,31.758865,1.0717217,60.437469,28.412115,-0.38751292,4,0
-1.3586223,2.265260828,1.570714708,0.00095931499,30.32972,43.24873,1.4499114,61.841179,31.244295,-0.14034472,4,0
-0.44376552,2.036353243,1.677783668,0.00020164771,33.014015,29.290131,0.93618047,58.737141,25.167572,-0.83146518,4,0
-1.7242446,3.637668612,2.472188735,0.00047939323,39.705692,34.275089,2.1032646,58.039951,28.684925,-0.20157281,7,0
-1.4189869,1.529463686,1.235423559,0.0011760228,33.30888,35.527634,2.1857274,56.232994,29.855543,-0.54420793,7,0
-1.9376509,1.016388414,0.9401152639,0.00055016624,22.679468,38.73069,1.199782,56.278938,27.38117,-0.73656499,7,0
-2.6737661,1.224920132,1.549982061,0.001083244,30.663326,42.561363,2.3398075,63.577778,30.102781,-0.26156798,7,0
-0.17787889,1.493472359,0.1727284524,0.00029354807,20.821281,45.521927,2.8992836,56.925648,28.737597,-0.54726249,7,0
-2.0845919,0.6175264994,0.6285687026,0.003325979,19.413076,49.936535,2.9427984,62.512215,33.526974,0.21411255,7,0
-1.5488244,0.2656961838,0.593989589,0.00019355708,21.785851,40.492691,1.6564379,56.250107,27.776913,-0.68651587,7,0
0.32225734,0.127378013,2.015677517,0.00011289759,8.4088688,41.585716,3.0363586,58.295387,23.447054,-1.0825225,7,0
-0.49578249,0.1786103479,0.1799579606,0.00041315172,8.9264345,43.45002,2.2209201,61.019482,26.82798,-0.69340062,7,0
-1.3587557,2.135312125,1.337176329,0.0029445121,19.838331,42.062103,30.997906,49.860256,30.848423,0.23088358,7,0
0.75307041,0.9427926411,0.4041285169,0.0002556468,6.1593647,42.692165,8.6428833,52.229439,27.462833,-0.77800381,8,0
-1.2471365,0.0002297364754,0.0004530217327,3.9374172e-05,1.2123009,42.692165,8.6428833,52.229439,27.462833,-0.77800381,8,0
-1.2471365,0.07052472915,-0.005553199749,0.00020657176,11.231454,42.692165,8.6428833,52.229439,27.462833,-0.77800381,8,0
0.65948033,0.4744207528,0.1791994108,1.3977386e-05,7.0949783,30.334038,18.025997,50.183575,22.163168,-0.75213706,7,0
-3.1584687,0.2360644007,0.3018633503,0.00042754802,17.25256,37.527214,7.6687121,55.77821,27.139299,-0.45788378,8,0
-0.73989069,0.0009309256124,0.002430752689,2.5445357e-05,1.7523265,39.891235,8.2127934,51.882874,25.216377,-0.81115484,8,0
0.061095878,0.09620103506,0.1407139814,0.00037240193,5.0809183,36.559792,9.6472225,51.777805,24.297369,-0.71804553,8,0
-1.0935307,0.3321476602,0.8306617336,0.0010987339,9.457468,51.569008,5.5350528,59.90567,28.21818,-0.52499324,7,0
0.070618466,0.1297127218,0.2824893506,0.000277705,19.076654,39.499077,8.4190102,52.08136,25.178762,-0.77180147,8,0
0.22371933,0.04141426177,-0.05514707993,0.00012747625,14.399854,33.368168,8.4907055,52.771431,23.805328,-0.49123162,7,0
-0.93180984,0.335077227,0.1863705831,0.00084580266,15.812264,49.657352,6.0097837,62.908363,31.717724,-0.26606396,7,0
0.68230778,0.2598209828,0.167210058,0.00024777112,21.110754,37.057625,9.7028551,53.329624,24.967176,-0.55042827,7,0
0.68230778,0.09595985427,0.03267086452,3.8397277e-05,3.5120945,37.057625,9.7028551,53.329624,24.967176,-0.55042821,7,0
0.68230778,0.3027136571,0.07606892812,3.9121755e-05,4.1937809,37.057625,9.7028551,53.329624,24.967176,-0.55042827,7,0
0.10723099,1.061456566,7.748649801e-07,6.2629379e-06,26.660585,31.858274,7.9946375,52.543037,23.305124,-0.4657459,7,0
0.18258616,0.07722841849,0.4443662932,0.00020925755,20.584295,32.68819,8.2673025,52.668571,23.581917,-0.47984868,7,0
2.3859665,0.1040243037,0.1043018814,0.0001748045,33.122776,45.031158,10.495947,65.549675,26.881716,-0.35812244,4,0
2.3859665,0.02903498467,0.2463776469,5.9010439e-05,8.3845367,45.031158,10.495947,65.549675,26.881716,-0.35812244,4,0
2.3859665,0.09708798993,0.04958744521,3.9525858e-05,4.0484524,45.031158,10.495947,65.549675,26.881716,-0.35812244,4,0
2.2287025,0.1728579938,0.1401509311,0.00011737957,24.666485,44.323074,8.9628983,64.038437,26.252445,-0.49084097,4,0
0.68230778,0.07961774396,0.03504440392,7.3896648e-05,5.1976547,37.057625,9.7028551,53.329624,24.967176,-0.55042821,7,0
0.50445426,0.1199834005,0.03994541362,0.00010636827,6.4153419,41.553829,4.7458749,58.697289,24.125685,-0.91639549,7,0
0.68230778,0.09035255757,0.2210511531,0.00010939602,38.969074,37.057625,9.7028551,53.329624,24.967176,-0.55042827,7,0
0.43689534,0.809113398,0.6046327279,0.00061305333,19.674259,34.74062,4.7329583,57.386608,25.266243,-0.93028814,7,0
1.7700337,1.315704502,0.5140043524,0.00015512136,17.980295,41.038792,5.2467899,59.70723,28.381035,-0.49803662,7,0
-3.5924225,0.7589871126,1.311106192,7.0316812e-05,36.259285,34.74062,4.7329583,57.386608,25.266243,-0.93028814,7,0
1.2341611,2.073767096,0.9614314813,0.0036066123,16.664946,60.459614,9.4258041,67.693993,33.628166,0.70274264,7,0
0.71745443,0.6488161069,2.785844701,0.00013950118,13.386442,39.973869,5.9065909,53.872574,28.962856,-0.76015866,7,0
-0.6101228,0.9934413386,0.7658889046,0.0057348772,9.9520798,47.285503,11.192249,58.509792,32.01392,-0.024668425,7,0
-2.1454875,0.1659583642,0.03728704319,0.00015210143,6.5138898,38.229309,4.752758,52.778946,26.159811,-0.58251488,7,0
-0.55347753,0.3882963807,0.4457925887,0.00021726705,12.003788,37.714691,6.4453034,55.326988,25.490337,-0.63328499,7,0
-1.5835896,1.537644797e-07,0.01165928279,1.4039808e-05,1.1791873,43.588524,8.6664734,59.385307,27.235279,-0.2628333,7,0
-0.4961673,0.2874395475,0.3561308037,0.0010364462,8.3778286,43.113934,10.612452,56.783085,28.983965,0.043208748,7,0
0.65948033,0.004351153105,-0.05487064394,0.00015281941,1.4369239,30.334038,18.025997,50.183575,22.16317,-0.75213706,7,0
0.11541583,0.006068722344,0.3101191364,7.6016622e-05,1.5471257,33.275818,15.948689,52.197529,23.382792,-0.63448071,7,0
0.65948033,0.01506591945,0.007667368167,7.0352842e-05,1.9699866,30.334038,18.025997,50.183575,22.16317,-0.75213706,7,0
0.34824908,0.3288279204,0.638519697,9.1114118e-05,29.333582,30.025328,28.703161,41.39777,24.11496,-0.70658255,7,0
-0.29844865,0.3342366636,0.001240021765,7.5799544e-05,6.9013133,35.572624,12.645784,51.399548,25.155201,-0.65114534,7,0
-0.70379823,0.3623436195,0.4100877655,0.00059540849,4.3780479,29.478079,36.068405,43.633881,28.089771,-0.3392992,7,0
-1.6902261,0.7951661113,1.127279871,0.0028278227,15.088548,28.551579,32.831348,46.51001,27.060774,0.058037639,7,0
-1.1246078,0.1757107034,0.4573798901,0.0018938367,9.2673187,41.699486,6.7072272,53.977234,28.352543,-0.48550069,7,0
0.31067804,0.2943369308,0.2648080041,0.0006849668,11.796549,61.159027,8.7320528,59.287117,28.266111,-0.12273133,7,0
-3.0994847,0.8740966801,1.580571608,0.0010764878,25.56509,44.684582,6.3613935,60.133339,27.040842,-0.50785744,7,0
-1.5682399,0.4549946921,0.3201028507,0.014560995,12.576535,50.331585,16.646858,62.351696,32.524841,0.46560735,7,0
-1.6181141,0.4181153078,0.4313528821,0.0018404879,22.066582,38.914265,3.7415478,53.075737,27.854296,-0.73018909,7,0
-1.41062,0.1784013649,0.7689757286,0.00066624203,23.741491,42.875629,4.9838166,53.482906,27.31876,-0.85730493,7,0
-0.68392825,0.7569604425,1.052929353,0.0003840352,29.824442,39.259472,4.3196778,52.289326,26.560915,-0.86514497,7,0
-0.33785328,0.3577729372,0.3734363164,0.00043932901,15.706264,43.588524,8.6664734,59.385307,27.235279,-0.2628333,7,0
-1.7131143,0.4539633156,0.5019282154,9.3694733e-05,34.251884,41.863571,7.3494253,56.839878,28.029505,-0.49147084,7,0
-1.5835896,0.4017435024,0.6665756607,2.632464e-05,17.127016,43.588524,8.6664734,59.385307,27.235279,-0.2628333,7,0
0.08251071,0.1610549256,0.2966157382,0.00012964435,4.6988153,31.850374,26.007053,43.759727,24.650995,-0.63035131,7,0
0.36868304,1.209840145,0.8797952023,0.00017380163,8.62854,30.035204,28.36158,41.676064,24.040382,-0.70832312,7,0
0.34824908,0.3994404492,1.637527238,0.00014610606,23.539652,30.025328,28.703161,41.39777,24.11496,-0.70658255,7,0
-0.022597611,0.1164452595,0.4584339828,0.00021486844,10.157206,35.72644,4.9398355,53.36414,22.065825,-1.0961432,7,0
2.0142357,0.3261282544,0.12219808,8.6254964e-05,23.872293,34.674683,4.4413013,52.557545,21.309134,-1.2181212,7,0
2.0142357,0.06922512144,0.833976361,0.00011126381,5.4922857,34.674683,4.4413013,52.557545,21.309134,-1.2181212,7,0
-2.0778465,0.1618239198,0.4275103447,0.0007302647,11.697646,47.161167,5.3759942,59.35701,27.838644,-0.64348096,7,0
-1.5869796,0.0008647356992,2.132687991,3.3650424e-05,1.5557227,37.883343,2.8440344,60.559731,27.593895,-0.50186682,7,0
0.41551664,0.0001084448451,0.2939756285,6.7446381e-05,0.83075613,35.114719,4.6065464,54.899342,23.623205,-0.85954094,7,0
-0.95454603,0.91334096,0.5463663486,0.00057260774,19.596586,45.161335,5.6106105,58.463352,29.338667,-0.76006722,7,0
-2.2040896,0.0928150886,3.124074618,0.00011028091,19.304203,38.012753,2.9641597,60.262608,27.457073,-0.51503396,7,0
-2.1754675,0.1402955019,0.003154974214,1.8160548e-05,6.4889917,37.883343,2.8440344,60.559731,27.593895,-0.50186682,7,0
-2.1754675,0.2898308087,0.1459285431,9.0802729e-05,22.833103,37.883343,2.8440344,60.559731,27.593895,-0.50186682,7,0
0.71745443,1.168024286,0.605764439,0.00021932687,24.84836,39.973869,5.9065909,53.872574,28.962856,-0.76015866,7,0
-1.9037716,0.62322154,0.6532830247,0.00020054495,20.05076,39.734764,4.7344747,56.028603,26.07514,-0.70760244,7,0
-0.96810609,0.9020821029,0.7478050194,0.00099901774,21.052036,47.407169,5.5752606,62.131714,31.381601,-0.1104717,7,0
1.2518167,0.7245837329,0.6407949616,0.00035725877,17.958773,36.015217,4.287528,57.740158,27.894424,-0.64846843,7,0
-0.82370228,1.342035925,0.8731695858,0.0010847576,14.443317,46.802662,8.9212656,54.316788,28.832344,-1.0965059,7,0
-4.1888452,0.8338417863,0.5612687791,0.0058553373,24.325447,52.640976,8.5819607,65.722298,34.144558,0.40805078,7,0
-3.3469894,0.8155239937,0.7692480444,0.010475649,17.366018,55.314034,12.380905,68.524406,35.320137,0.97779334,7,0
-2.1954165,0.5249286745,0.9889314494,0.0006582053,38.208027,37.919971,3.2076907,58.493454,28.762712,-0.42667919,7,0
-1.1003666,1.334131335,1.329569571,0.0014889848,20.38295,45.365448,3.9938464,57.151245,29.319309,-0.49515688,7,0
-2.1720557,1.020019967,0.6384639738,0.0010894309,25.95739,42.772938,3.2794888,57.567638,28.008163,-0.56287944,7,0
-1.6721904,0.7330897995,0.4277686125,0.00088977296,25.60578,36.582016,1.9667257,57.540176,27.505026,-0.82643139,7,0
-0.13125464,0.5688927372,0.3311531127,0.00067421014,16.544495,41.580494,5.6261129,55.165874,27.787682,-0.60936558,7,0
0.30728877,0.5034193951,0.3375777684,0.00020596181,11.255602,41.585716,3.0363586,58.295387,23.447054,-1.0825225,7,0
-0.21477714,2.565050993,1.868025196,4.1691233e-05,36.297119,41.58028,5.7301292,55.036587,27.981478,-0.58824068,7,0
-0.1234062,0.9977894571,0.7403568272,0.00044715579,24.048496,38.830605,1.2451651,56.870651,27.172237,-0.74793786,7,0
0.30728877,1.884196289,1.115913057,0.00025020546,17.264725,41.585716,3.0363586,58.295387,23.447054,-1.0825225,7,0
1.6682721,0.8183014038,0.6785886722,0.0002864936,20.696436,41.58028,5.7301292,55.036587,27.981478,-0.58824068,7,0
-0.56851578,1.363943149,0.550915194,0.0041540656,14.744147,53.88105,4.820488,64.766953,33.997349,0.11952162,7,0
-0.19228086,0.9126690859,0.5331419412,0.0002664577,21.395866,40.285637,1.6182038,56.725533,27.551037,-0.70313865,7,0
-3.2609315,1.282400112,1.128390758,0.00061714853,27.286583,41.475262,2.8338497,60.056423,31.035397,-0.27275556,7,0
0.58434308,2.902882202,1.769193895,0.00074168987,29.86396,35.438377,1.3871508,58.709274,27.582058,-0.54770851,7,0
0.33518076,0.4515324472,1.973101268,0.00036685879,39.051979,32.934555,1.7111756,53.296173,28.199217,-0.78442132,7,0
-0.54639375,0.02079369704,0.007433578901,0.00010893954,3.1068616,43.533169,1.591526,61.534424,21.312174,-0.86914229,8,0
-0.11886936,0.7530622431,0.08943302566,9.5672069e-05,5.9367647,48.687183,4.2729707,61.751396,29.655479,-0.48654735,8,0
-0.12931022,0.72535054,0.2628789345,0.00037104578,4.0380917,48.562218,4.2079544,61.746143,29.448593,-0.49603447,8,0
-0.60102248,0.01610686939,0.01494060101,5.110744e-05,7.333334,43.533169,1.591526,61.534424,21.312174,-0.86914229,8,0
0.12955591,0.233692213,0.1474288474,0.00013566372,11.451342,47.315228,1.6733805,64.424873,23.072702,-0.91474706,8,0
-0.6309554,-0.002653723979,-0.009056965654,5.3127053e-05,14.039126,47.315228,1.6733805,64.424873,23.072702,-0.91474706,8,0
0.051466003,2.155761572,0.02328036775,0.00013634366,7.7302842,49.821426,2.0171983,62.326836,24.744743,-0.46109006,8,0
-0.62021983,0.02533226883,0.05448694801,0.00016526358,4.1103711,46.298962,1.6513857,63.653637,22.616001,-0.90291667,8,0
-0.60102248,0.0851141734,0.07137815611,5.3124841e-05,3.9680097,43.533169,1.591526,61.534424,21.312174,-0.86914229,8,0
-0.60102248,0.03792760687,0,6.7246629e-06,5.3953686,43.533169,1.591526,61.534424,21.312174,-0.86914229,8,0
-0.60102248,0.02582409025,0.02973115024,5.4469772e-05,5.1743188,43.533169,1.591526,61.534424,21.312174,-0.86914229,8,0
0.42703116,0.1416515812,0.08707536253,0.00053573144,7.6465435,53.039402,1.9979116,67.144211,30.422077,-0.087538958,8,0
0.10430329,0.11209225,0.1881756612,1.6487202e-05,8.3482304,49.346321,2.0089908,62.850857,25.00008,-0.55504215,8,0
0.69487208,0.01503856007,0.07277191911,3.4577515e-05,5.1039696,56.453979,2.5194187,64.459625,29.704485,-0.15436649,8,0
0.65956783,1.066020514,0.209000506,0.00030118477,9.7188015,55.948753,2.4831367,64.345291,29.362701,-0.18347636,8,0
0.17921664,0.3684867094,0.899098808,0.0002388992,5.3035517,56.453979,2.5194187,64.459625,29.704485,-0.15436649,8,0
0.17921664,0.192908821,0.1148277033,0.00021610947,7.6945434,56.453979,2.5194187,64.459625,29.704485,-0.15436649,8,0
-1.9349291,0.4630423483,0.3689234877,3.3409844e-05,34.597279,50.395943,3.1195633,59.341057,26.460022,-0.83253652,8,0
-1.3511032,0.03288520428,0.301762025,6.986966e-05,32.48904,46.282707,1.901723,59.923607,26.090931,-0.79274327,8,0
-1.3511032,0.6504771812,0.6594867352,0.00035616485,19.656855,46.282707,1.901723,59.923607,26.090931,-0.79274327,8,0
-1.7632537,0.5115327549,0.1574110748,0.00043333418,15.059331,57.134342,2.781898,63.507748,27.741098,-0.37581936,8,0
-0.6309554,0.0227683441,0.03944497254,0.00016554768,4.6272302,47.315228,1.6733805,64.424873,23.072702,-0.91474706,8,0
-1.7991378,0.02341520331,0.01266752068,6.7347304e-05,11.315062,46.751534,2.301959,63.456978,23.259491,-0.97195745,8,0
-0.07177256,0.4480085082,0.04440387327,0.00029335878,7.8780293,49.821426,2.0171983,62.326836,24.744743,-0.46109006,8,0
-0.75335836,0.03356368417,0.02342890246,1.011582e-05,2.3738873,49.821426,2.0171983,62.326836,24.744743,-0.46109006,8,0
-0.40775016,0.02388900309,0.08225282944,0.00017226613,8.02707,38.33643,2.6755686,52.380955,27.094421,-0.76677823,8,0
-1.0868851,0.8277568378,0.2399674617,0.00070828164,4.6281281,54.398243,4.9401741,64.003746,30.606819,0.17907888,8,0
0.034375489,0.04027036518,0.4395824658,4.7571757e-05,2.1076226,39.891235,8.2127934,51.882874,25.216377,-0.81115484,8,0
0.034375489,0.03920461286,0.01041125605,1.6594797e-05,3.1906626,39.891235,8.2127934,51.882874,25.216377,-0.81115484,8,0
-0.14189482,0.1394231196,0.4678093227,0.00016272867,6.8147316,44.84346,3.0461724,56.671566,25.58366,-0.73195422,8,0
-1.0215077,0.7987075689,0.4748622277,0.0025218946,11.320759,51.687042,6.7094827,62.475365,32.417995,0.21618575,8,0
-1.2471365,1.192935505,0.2233833019,6.9047463e-05,13.267817,42.692165,8.6428833,52.229439,27.462833,-0.77800381,8,0
-2.1882482,0.8315731399,1.011871639,0.0092335017,16.578732,55.091721,9.4497614,64.37426,33.91663,0.38193256,8,0
-1.6691247,0.01317820676,-0.08433365975,0.00014004097,2.7349484,44.254265,20.296726,48.949505,31.512924,-0.31663215,8,0
-0.1427155,0.6505732347,0.6852644298,0.0032078819,12.537369,55.606895,13.369411,59.049702,30.787552,-0.23273841,8,0
-0.18097199,0.4666443589,0.3648427414,0.00059130223,11.746402,48.81007,3.4422197,61.140244,27.227814,-0.66623199,8,0
-1.4669518,0.01923443366,0.009202574628,4.3858734e-05,2.3986804,52.942284,2.8106787,62.50119,26.446602,-0.54607445,8,0
-0.41925982,0.127564556,0.05923131972,0.00052494783,4.4503613,39.933525,2.3802764,52.335823,27.297623,-0.69463247,8,0
-0.4519161,0.2397713746,0.5811314357,0.0008382994,10.518637,53.920067,4.5164876,55.149227,29.234234,-0.49233079,8,0
0.32570922,1.862200692,0.8033218472,0.00013283148,11.919479,50.756187,2.5931118,60.408592,25.093264,-0.7144233,8,0
-0.69162565,0.146224252,0.1006113377,0.00080733304,10.842805,32.169552,1.4829544,42.128052,26.105854,-1.0175172,8,0
-0.77170283,0.18812837,0.5701402973,0.00038608586,14.696787,46.026924,5.94521,64.536446,23.951616,-0.3687692,8,0
-0.77170283,0.4340227333,2.800396519,0.00015314019,35.197971,46.026924,5.94521,64.536446,23.951616,-0.3687692,8,0
0.39191991,2.279753903,0.6452991423,0.0013503974,20.058878,53.207706,4.6095209,67.526398,30.56435,0.0034493208,8,0
-2.9483995,0.353131312,1.040431591,0.00019979913,24.095428,39.973595,5.8068762,59.601814,26.412174,-0.57544744,9,0
-1.9786097,0.0855626874,0.120272049,3.5975805e-05,15.606783,38.713791,6.3503528,61.410927,27.135038,-0.57444996,8,0
-0.68023986,0.8867671355,0.5935667363,0.0003006318,11.40704,55.302383,2.9551663,57.209702,25.842949,-0.5246408,8,0
0.038755313,0.138818303,0.457112535,0.00018959497,9.4040966,49.555805,2.4435465,56.862175,23.526421,-0.87634742,8,0
0.25204793,0.1028944973,0.1658993148,2.6950265e-05,1.7760869,46.687176,2.1881511,56.685383,22.323942,-1.0589134,8,0
-0.68023986,0.1601599097,0.5520010636,8.3692365e-05,13.936819,55.302383,2.9551663,57.209702,25.842949,-0.5246408,8,0
-0.68023986,0.002507506482,0.0005769589916,8.8097231e-06,3.5301514,55.302383,2.9551663,57.209702,25.842949,-0.5246408,8,0
-3.0452178,0.8886721603,0.9820495812,0.0011381459,17.694742,69.649673,5.4244642,58.654041,29.254345,0.12974039,8,0
-1.6988978,0.8133369102,0.7183669275,0.0045802859,16.019081,57.696133,5.5632601,66.607918,33.880142,0.42066163,8,0
-3.8939505,2.104892875,0.7341649145,0.00048634157,47.005829,59.619637,5.6323199,61.137493,29.288874,0.21847524,8,0
-1.0647618,0.4357083593,0.9726490337,0.00095743779,18.373631,52.73875,4.0274887,59.985691,26.014372,-0.18620171,8,0
-1.697328,0.2219944831,0.206095199,4.4690336e-05,12.543777,55.15514,4.7320299,59.151978,25.532263,-0.14548331,8,0
-1.5490078,0.1000240387,0.5303312507,5.9064798e-05,3.455162,48.683968,2.8607614,62.452103,23.750071,-0.79356229,8,0
-0.28275698,0.06657301161,0.0795009873,0.00012777768,2.0160747,60.896946,5.7514186,73.841133,25.612337,-0.29786497,8,0
0.25204754,0.02132682044,0.05408364287,0.00014103972,5.2576418,46.687176,2.1881514,56.685383,22.323942,-1.0589132,8,0
-0.30191094,0.5247530501,0.5536723006,5.2498021e-05,23.384123,49.850197,3.1852827,60.991581,26.59413,-0.23516752,8,0
-1.5429963,0.2733437649,0.05700952467,0.00031324575,6.2674394,47.047813,2.3776577,63.351799,23.37571,-0.94852978,8,0
-3.5074995,0.5882422053,0.3246437438,0.00055784528,22.632833,44.856556,5.0663967,54.913185,24.784357,-1.0131738,9,0
-3.8624167,0.2228649739,0.3727045126,2.8228682e-05,37.262352,41.107681,5.3176346,57.954765,25.741556,-0.57637286,9,0
-3.8624167,0.1064124799,0.3223578211,2.8650007e-05,30.190313,41.107681,5.3176346,57.954765,25.741556,-0.57637286,9,0
-2.216975,0.3028556045,0.2549720946,0.00079786818,15.582397,48.335403,5.7917619,54.659348,27.678501,-0.53776956,9,0
-3.0659311,0.1623332458,0.9989477201,0.0005310055,19.790552,55.552013,6.0858822,57.979603,26.922325,-0.67709202,9,0
-3.5115287,0.798742649,0.5857283291,0.00084457296,20.92577,47.710087,4.5242434,59.771423,28.73819,-0.62431031,9,0
-4.9600577,0.1368765897,0.2805487042,0.00017319845,16.596294,45.479591,3.9215322,53.602039,25.134295,-1.1896555,9,0
-3.0218475,0.2196673456,1.154763757,0.00062136096,29.552353,42.923065,2.8287489,54.712326,26.434464,-0.97221309,9,0
-1.7948694,0.4532477834,0.6747851619,0.0024820268,21.016386,42.770611,19.98456,53.238583,27.878614,-0.33637315,9,0
-0.86844635,0.2452808161,0.1156589652,0.0021987911,7.971468,42.374584,16.38533,53.129871,25.878468,-0.063181296,9,0
-1.0342647,0.4700305522,0.4812556658,0.0047575394,15.654546,41.649944,22.754276,53.984337,28.244797,0.0016464293,9,0
-0.78870881,0.409430557,0.3482971301,0.001414824,13.734409,53.973587,11.555891,53.530087,28.45105,-0.5158906,9,0
-0.84820461,0.528413249,0.3109879764,0.0086155068,12.192765,56.131012,13.731982,62.15797,32.267342,0.11751682,9,0
-3.2664881,3.150078997,2.512860408,0.008593061,31.230577,60.741116,27.502403,66.547462,30.828594,0.92617869,9,0
-0.22485051,0.02182316574,0.0440361795,0.00020354555,1.6666806,39.477955,7.7954144,61.213493,24.937965,-1.0062033,8,0
-0.22485051,0.009607913308,0.4164305058,6.9707377e-05,3.6821983,39.477955,7.7954144,61.213493,24.937965,-1.0062033,8,0
-2.1911719,0.04587425743,0.3021355832,9.3335912e-05,25.781614,59.321415,3.8839929,58.842995,30.419285,-0.70728898,9,0
-0.31265244,0.4295018421,0.2649005233,0.0013515026,8.9739981,52.832962,10.30187,71.068489,32.735981,0.043814778,8,0
-0.11646599,1.009591617,0.9523190913,0.0021039604,16.307949,57.97982,10.925605,66.270515,30.031332,-0.24108231,9,0
-1.3072655,0.6828351631,0.4681548328,0.016769098,11.982562,62.898552,24.714535,68.11853,34.158657,0.66758108,9,0
-0.44427365,0.2549191587,0.2445358529,0.0034667503,3.5621569,45.154282,11.958047,65.121391,30.716366,0.18286943,8,0
-0.22485051,-0.07535082812,-9.991424406e-05,2.6024089e-05,41.542671,39.477955,7.7954144,61.213493,24.937965,-1.0062033,8,0
-1.4111351,0.03691900365,0.008935235278,0.00011332839,2.2973313,50.359325,4.758461,57.459824,29.158646,-0.64676654,9,0
-1.3825454,1.516158869,1.525094837,0.01015864,15.577334,57.733433,22.078602,62.941158,32.15641,0.060612112,9,0
-0.54454803,1.172310891,0.3133081606,0.00086019241,7.915318,36.053066,33.879154,47.827789,26.28496,-0.37617952,9,0
-1.5827864,1.478065939,1.086315475,0.0023856,14.399333,61.248367,17.415657,64.421135,30.226171,0.068505853,9,0
-4.0675054,1.276940288,1.261146848,0.058872845,21.320536,50.750572,34.264355,61.796844,34.577194,0.6200617,9,0
-2.2570834,0.1709087904,0.2131762203,0.0003204096,28.906923,54.072781,4.3945875,59.078045,26.243734,-0.71491539,8,0
-1.7190351,0.1887577488,0.09716287717,0.00027813169,7.9836836,58.628918,5.9745269,58.748672,25.964823,-0.56323856,9,0
-1.6827844,0.5858446559,1.928115709,0.00027518647,22.368237,41.223976,8.78654,54.669933,22.137579,-0.69020778,9,0
-1.8354737,0.2130864384,1.027078148,0.00031086997,11.665248,48.15097,8.8296137,61.28009,26.362408,-0.35020459,9,0
-1.4629946,1.396654624,0.7831240592,0.0020031545,17.286339,56.887455,4.4790025,61.282467,30.288631,-0.34106985,9,0
-1.7024815,0.6671318033,1.927077045,0.00028237829,25.444008,44.552326,8.8072367,57.865429,24.172916,-0.52640921,9,0
-3.7845888,0.3896899953,1.373373825,0.00081628893,30.212015,42.991543,3.8623123,54.743744,26.224598,-0.78528285,9,0
-1.9117266,1.531284239,0.6698083645,0.0058948691,19.351309,59.474216,7.7294459,67.787354,32.69788,0.29825121,9,0
-3.1927056,0.954737979,1.314952215,0.00022954184,23.521086,47.060131,4.4744973,61.548569,27.74053,-0.66535127,9,0
-0.88022423,1.143726312,0.6178927369,0.0031972632,23.013775,56.086689,6.3834267,62.48032,29.144749,-0.28400421,9,0
-2.1552033,0.5608721255,0.2920810059,0.00024562125,15.843723,44.949501,4.2339664,58.685539,26.237339,-0.88140541,9,0
-0.67627728,0.7990241287,0.4954750042,0.00087102008,17.55665,39.405682,14.081262,59.387039,28.228252,-0.063502491,9,0
-2.0819166,0.8117453838,1.161090385,0.0010793522,28.598932,53.501099,8.7360249,60.045921,25.756315,-0.19299664,9,0
-2.0811751,1.051321554,0.2907728751,0.00015581732,23.185593,45.657806,6.2418571,61.078079,25.118601,-0.59440184,9,0
-2.0811751,0.1241034061,0.1806729324,2.7824521e-05,24.558823,45.657806,6.2418571,61.078079,25.118601,-0.59440184,9,0
-3.8982139,0.36558847,0.6247163792,0.00041336752,24.498472,48.303715,4.6471844,64.409943,28.249008,-0.64004302,9,0
-0.62134117,0.002981671752,-0.006604731306,1.2521034e-05,3.8871317,45.657806,6.2418571,61.078079,25.118601,-0.59440184,9,0
-2.3297825,0.08284894111,0.3052509389,3.1177948e-05,47.81818,41.107681,5.3176346,57.954765,25.741556,-0.57637286,9,0
-0.86053538,0.8207939849,0.18395809,4.1284806e-05,9.782609,54.088276,6.7931781,59.538605,28.540901,-0.97798079,9,0
-0.32413974,1.323859375,0.7063752944,0.00051723776,16.377426,56.802303,10.616538,65.041718,28.521235,-0.31248242,9,0
-4.2995095,0.16507057,0.1883149302,0.00030900352,21.871569,47.785984,4.5381546,56.382107,26.858339,-0.49675342,9,0
-3.8397484,0.6769764447,0.5332156885,0.012740911,20.711973,60.187061,9.6627235,67.012947,32.512493,0.23807943,9,0
-4.6216717,6.619860997,8.968400139,0.0020668886,29.703432,42.118324,1.7894421,60.514069,31.796432,-0.6689049,6,1
-6.9736114,10.26074591,4.481700815,0.00081541436,30.815619,34.165863,3.4851565,59.977715,31.869707,-0.38259682,6,1
-3.778178,6.197857645,4.071751744,0.00024038898,29.442856,26.319662,0.94736379,46.088905,28.553957,-0.8701328,6,1
-3.952301,3.111546227,2.9064987,0.0026044603,17.061571,49.934448,2.828732,62.241924,31.886118,-0.22171438,6,1
-4.9580526,2.98923876,2.533799395,0.0017554392,20.575697,49.982079,7.2468629,67.751022,32.79142,-0.094547719,5,1
-11.872351,9.941081029,3.967141793,0.00032679678,47.442951,39.212811,2.8407993,63.503784,33.607903,-0.17095104,5,1
-7.549233,4.671787604,3.952025343,0.0037875462,29.32662,48.101067,6.5735154,68.103477,34.369312,0.079787448,5,1
-10.307384,6.879608543,5.08177588,0.00032212879,38.851665,42.061333,4.6488008,64.92453,31.030903,-0.33142155,5,1
-7.7568064,9.857592182,9.8061693,0.00022953549,45.067276,36.531605,2.6050735,58.191986,30.328672,-0.81677467,5,1
-8.568943,3.617880949,2.93570825,0.0012640408,30.595722,41.908474,4.2572341,65.075745,34.357441,-0.17918482,5,1
-11.692886,4.067530706,4.436128946,0.0014731049,37.740059,42.046478,3.9663341,64.687904,35.377647,-0.21762666,5,1
-6.3435168,2.403750361,2.584932926,0.0051103709,16.212746,55.518711,9.5024261,68.330399,32.808773,0.22059485,5,1
-7.5875735,2.058585416,2.370470839,0.00027964712,12.398194,47.670387,2.9178226,62.57814,28.941042,-0.7155121,5,1
-14.165955,9.105495934,5.633723317,0.00058999308,49.918636,40.895603,4.0331273,67.536095,33.570271,-0.36172107,5,1
-14.378567,9.760814357,6.105013123,0.0013498273,43.032658,44.043255,6.5865636,70.669601,34.819649,-0.1027571,5,1
-4.9053268,2.400428406,3.116998477,0.0001598824,22.935007,45.695354,3.6186199,58.993298,28.761637,-0.89849585,5,1
-4.4513249,2.171000494,6.297625698,0.00019337014,10.621638,49.012756,2.6118393,58.531525,28.126558,-0.96089196,5,1
-6.4323874,2.687108302,2.424231997,0.0014145136,20.486801,52.674347,5.5508566,64.687012,30.892307,-0.69266087,5,1
-5.0827436,16.19071396,5.207427982,0.00021307936,30.841276,44.59613,3.9522178,59.147476,28.96921,-0.87810171,5,1
-8.2751064,5.428065023,7.96713057,0.0002582616,50.083858,34.28035,2.4027247,61.437599,33.279018,-0.20475186,5,1
-4.7208776,2.886864434,3.305762285,0.0019623651,19.252092,42.034725,3.510113,62.51656,29.643518,-0.55649436,5,1
-6.3907752,5.780438434,6.500641585,0.0022889108,26.360714,47.572891,7.1858773,58.007286,29.514145,-0.91709435,5,1
-2.3951287,1.612163162,2.669454691,0.0012903619,18.693022,51.847393,4.2295027,61.739571,27.750692,-0.79679668,5,1
-4.5252552,4.659463008,6.999284941,0.00077932229,27.769855,37.935326,4.1449895,62.204559,30.740959,-0.4456349,5,1
-4.4063692,13.33778825,4.299054766,0.0050383927,17.019651,62.195797,11.519283,68.306862,29.390032,0.3382346,5,1
-6.6871223,3.92940832,3.24892407,0.00022260161,31.160032,37.182961,3.2625477,62.247868,29.4842,-0.55863768,5,1
-3.8210962,3.485214736,3.743704312,0.00078502309,27.085785,40.06028,9.9262867,60.499931,26.139498,-0.76475143,5,1
-2.9768848,2.215544134,2.425518653,0.0019227754,16.487352,49.578838,5.6047502,61.081131,28.554852,-0.97644043,5,1
-0.91681576,0.5581490441,1.057261047,0.0040134043,8.2405624,55.657906,6.9164953,63.621223,30.350113,-0.68140835,5,1
-2.3614454,1.304066353,4.396284113,0.00044827862,22.098051,43.019958,3.114121,59.566719,26.03886,-0.87939918,5,1
-7.5505867,3.348224672,5.394799779,0.00056477694,29.509136,36.586967,1.7703749,60.770451,28.527969,-0.91485262,5,1
-5.246242,7.59608533,5.304284584,0.0008131974,26.94762,47.727898,2.7693408,64.923294,33.190723,-0.17383158,5,1
-3.1177795,1.207255589,1.233255468,0.0037161554,13.310878,57.52718,6.531374,69.458542,33.04287,0.18543243,5,1
-2.5394602,4.516442397,1.93999329,0.0020408717,19.788986,56.146996,6.6320963,64.396133,29.456865,-0.37059605,5,1
-5.438201,2.607589652,2.891868685,0.00049921777,29.522484,36.04961,1.719551,55.996155,28.030735,-1.0001718,5,1
-1.4234505,1.053148401,2.291300959,0.0016277491,15.209214,48.712112,3.9164214,58.21891,27.561161,-0.84289765,6,1
-4.6604819,6.48548319,5.724794447,0.00043182622,38.098774,38.087055,1.9871153,54.835026,28.014601,-1.1165934,6,1
-2.2549288,3.442104181,2.743063745,0.00056354265,17.986332,52.256237,2.6132245,58.614223,29.928881,-0.76975709,6,1
-4.3355079,2.353374204,4.496451998,0.00014747462,24.736986,39.555557,1.6972165,56.372356,28.845274,-0.54375851,6,1
-3.4909036,9.426585588,2.816860776,0.00014023269,27.530178,41.728706,1.5808992,54.748226,28.471554,-0.68528867,6,1
-1.4729766,1.649329077,1.503983609,0.0019487153,14.020512,55.041771,2.0565736,63.42907,33.608932,-0.18371701,6,1
-5.5648375,2.89157821,2.18419225,0.00036821552,31.066074,36.903465,0.91452569,53.271294,26.248735,-1.2230165,6,1
-1.1054714,2.403319433,2.411050684,0.0001669623,23.894619,39.698643,1.1537104,52.395828,29.897165,-0.79605883,6,1
-1.8862119,4.427259753,2.209456232,9.1464375e-05,22.044355,28.77585,0.98912531,51.170391,26.068216,-1.6359181,7,1
-4.2086916,1.572183626,1.345447594,0.00024915754,16.318937,33.858952,0.96013379,52.681564,26.115299,-1.3213258,6,1
-1.9255621,1.926068496,2.34902746,0.00030208493,24.303589,39.890663,1.5252235,54.690205,28.074465,-0.76271033,6,1
-0.81040496,0.7011535688,0.982561931,0.0049420791,8.7962065,50.308811,6.6099219,60.458767,32.164883,-0.23559332,7,1
-0.98915499,0.5277788279,0.8173477874,0.0009666977,12.676088,29.774307,2.1984072,51.835663,26.985174,-0.96948868,7,1
-0.76398361,1.209150424,1.868572836,0.0029004349,10.498958,48.825226,3.5872173,60.551422,30.374804,-0.43976068,7,1
1.1755686,0.8494452059,0.6865739463,0.00067653583,8.6429758,37.705631,2.2981594,55.957127,26.667973,-1.3498917,7,1
-2.7839754,1.219371558,2.271898029,0.0011894343,14.259592,41.936607,3.1921017,55.285538,27.492645,-1.2872336,7,1
-0.9323625,1.305402379,1.445841409,0.0019469496,10.275213,37.954048,2.7648242,55.373756,28.276964,-0.83228481,7,1
-1.4014404,1.411269059,1.034135264,0.00090779376,15.514906,41.309357,1.7978175,58.870274,30.520456,-0.75676501,7,1
-1.8567965,0.4466287571,2.476919398,7.7597128e-05,13.418141,28.851881,1.1798128,53.325867,25.41293,-1.0075318,7,1
-3.9141436,4.99312539,4.037347395,0.00012271624,34.188629,40.277023,2.2434397,59.837841,28.257811,-0.92001587,7,1
-2.9286959,1.634634148,3.193239837,0.001789865,13.746897,47.827126,3.1053736,59.287392,30.109686,-0.75880778,7,1
-1.3193307,1.816169886,1.274234632,0.00026823013,22.52368,38.696987,1.7977612,52.674911,26.547813,-1.1320008,7,1
-0.90030682,4.414096994,3.415101129,8.3866282e-05,32.263885,45.727654,2.3080769,53.007095,27.147749,-0.98286062,7,1
-2.1474469,5.575372669,4.026184622,8.6376298e-05,46.47501,33.545258,3.2322378,54.603016,25.135035,-1.3087351,7,1
-2.7993257,2.589080208,2.165874761,0.00059999723,30.114895,37.4025,2.8250034,58.119411,27.93362,-1.1842993,7,1
-3.2463584,2.70250815,2.408320747,0.00032188118,33.58223,40.748039,1.8519859,59.388821,28.83544,-0.84390604,7,1
-2.6735547,1.817615638,1.906385551,0.0022587751,12.845768,53.485424,3.6610146,66.685997,32.144291,-0.33185706,7,1
-3.9259303,5.191898961,6.893091957,0.00014471434,33.552734,39.992046,2.4282255,59.573513,30.122417,-0.9114843,7,1
-4.3771939,3.022702384,4.295357959,0.00033558396,25.0923,38.82711,2.4221203,57.61541,29.713884,-0.74380994,7,1
-2.4312031,1.371690483,0.752677818,0.00051980169,19.76737,27.348709,0.85299528,47.020073,29.395754,-0.85845643,6,1
-3.5278957,5.311718247,4.674707931,0.00041582048,28.699654,38.036629,1.2268493,58.243389,30.720526,-0.69010466,6,1
-2.2273064,2.806833345,1.15911437,0.00018005267,11.516504,30.152433,0.81508386,45.10207,25.769367,-1.4761236,6,1
-2.1350245,0.5407021632,0.03289321136,0.00042512661,6.429688,27.680094,0.72571975,41.836395,26.218601,-1.5227606,6,1
-5.0655699,5.423844891,6.907730002,0.00030067147,23.931726,29.668987,1.3928871,53.658073,28.885218,-0.43026549,6,1
-5.225184,4.4994943,4.732646423,0.00044647887,33.82283,29.022602,1.303793,52.849239,28.769592,-0.48705906,6,1
-6.280551,4.10478486,5.133142526,0.00030727382,30.421787,37.311478,1.2856214,53.606445,29.691463,-0.56085455,6,1
-5.1411209,6.053856432,3.866278305,0.0005093583,22.159666,41.429203,1.8318758,55.169117,31.540304,-0.51580882,6,1
-5.6397209,1.558593383,2.396760803,0.00052904553,24.779821,41.851631,1.0711707,51.945305,28.911221,-0.58589458,6,1
-4.0096641,5.946736002,4.237711068,0.00070872006,30.6469,42.01004,2.1501281,62.909882,30.749311,-0.63522345,6,1
-5.8090472,2.920331968,3.886733566,0.00032854671,41.583248,34.560032,1.7565588,60.312675,31.51759,-0.64241284,6,1
-7.9179659,8.310229838,7.877871653,0.00016327233,45.940777,30.112684,1.6466727,59.036903,29.909813,-0.9388631,6,1
-8.2038088,10.84496961,7.051566183,0.00071693148,43.688332,42.439148,1.6545081,61.776237,32.70536,-0.34476507,6,1
-8.3748703,7.833528953,11.01220177,0.00046989706,37.440491,33.772831,1.4970065,59.143318,31.672972,-0.66149884,6,1
-7.1173525,12.50263779,7.204316455,0.00019530463,50.073235,45.23605,2.7438374,61.639931,32.724037,-0.4795897,6,1
-2.0357499,2.516676509,2.114354799,0.0041068927,11.797153,52.832558,4.8149652,63.915993,33.794201,-0.11893347,6,1
-4.5249262,7.308175449,6.307976479,0.00049295148,25.4035,34.150696,1.4077566,54.961864,28.981968,-0.72717977,7,1
-2.3707557,3.701458374,3.047194739,0.00059142109,29.835093,41.805054,3.6841605,64.641556,30.246861,-0.34155521,6,1
-4.7881327,5.056446553,4.081568687,0.00033009434,37.020458,27.324507,1.6139646,57.045673,32.412434,-0.49576098,6,1
-11.468991,4.892379908,10.35239299,0.00057534641,43.854469,34.525673,3.2761722,63.042629,34.229324,-0.4865011,6,1
-3.0949306,3.711857879,2.53662799,0.0044678934,15.32597,54.593521,6.6239133,67.734695,33.784374,0.12731269,6,1
-6.9264746,5.085766754,3.880967279,0.00046706194,34.212364,39.901291,3.0943806,62.98912,34.343964,-0.42327389,6,1
-4.5115242,6.261371274,6.635523824,0.00049349322,36.345161,32.600082,2.6333344,60.990013,30.07943,-0.73902428,6,1
-1.9109856,4.463357461,5.98571917,0.00089305086,26.294422,47.638794,6.2962065,58.51963,29.371326,-0.76553077,6,1
-5.1825452,10.35691937,8.270731185,0.0018641755,25.45466,53.465946,4.8900223,62.518246,31.202826,0.20282224,6,1
-6.0091295,5.797719785,6.865395538,0.0010790119,40.42308,38.916416,3.1408296,58.662231,29.367542,-0.68051577,6,1
-5.5873108,4.440284406,3.502300872,0.00082880969,31.899246,40.25563,1.5443902,57.071877,29.809921,-0.66157573,6,1
-8.7818289,7.935022692,9.88456471,0.00030405863,48.935261,30.190044,2.7520158,61.259056,31.556889,-0.41143686,6,1
-8.789505,7.083614315,6.791749354,0.00035358721,34.946262,34.523373,2.9173937,61.532951,31.164249,-0.39726701,6,1
-5.6432371,2.743647721,2.423103995,0.0017446243,22.961243,49.368919,3.8441353,64.208443,32.886757,-0.15023723,6,1
-8.8646631,10.80857294,7.739591689,0.00037281791,35.593124,33.616909,2.2595112,59.741081,31.69244,-0.45794323,6,1
-6.1471548,2.321873864,2.646215647,0.00015429247,38.595284,39.139164,5.6083226,59.921612,29.979246,-0.77886647,5,1
-6.7518549,11.38743476,7.719165822,0.00072035455,39.935692,39.458382,2.7671962,58.871807,32.254959,-0.30218834,6,1
-5.7943187,3.291098096,4.621235628,0.0014915748,40.003048,34.793079,8.8501463,63.555771,31.92046,-0.23631465,5,1
-1.8018914,1.493673787,1.922520425,0.0085368194,8.7847185,54.244362,12.901814,66.069862,33.711281,0.080961734,5,1
-2.3969913,0.7659544228,1.533222578,0.0021404747,10.998043,39.845718,11.392452,61.338089,27.620728,-0.52141553,5,1
-1.3252214,1.055744561,1.254266508,0.0027232741,8.0647755,51.196003,11.747513,63.857113,29.986444,-0.54717571,5,1
-1.0313344,1.93970707,1.851338007,0.014132804,7.5710697,51.4575,48.908226,59.976631,33.809967,0.13228491,5,1
-2.0827193,1.219398041,0.937104432,0.0055070305,6.6831374,54.760468,21.020035,63.081169,30.540415,-0.24338782,5,1
-0.65858769,0.3161727628,0.2773997414,0.0024681468,4.7741203,49.712723,17.16824,62.507458,29.173676,-0.64324987,5,1
-3.2732115,1.822264948,6.451344313,0.0021156699,11.76307,56.915546,9.9906607,63.417126,29.245001,-0.20982832,5,1
-1.8930616,0.5892027249,1.308498456,0.0061038346,7.211165,56.262661,15.887685,66.180061,31.993025,0.18237665,5,1
-2.6083014,0.8077393471,1.031407703,0.0020238659,10.55896,50.182747,8.1865005,61.898052,30.420021,-0.62841654,5,1
-1.2922207,1.087059371,0.7182154435,0.00421202,8.5433073,53.846161,7.6671696,64.989319,33.42416,0.0021800399,5,1
-1.9567961,0.5663357731,1.629299442,0.00053429033,20.782993,35.924633,3.5722725,57.757591,25.981478,-1.2278901,5,1
-1.1330491,0.9642933718,1.235776566,0.0013552938,11.417503,43.159809,6.0707855,57.380367,29.241354,-0.84707439,5,1
-0.55507195,1.060373197,1.431585438,0.0011526205,9.092865,63.124512,8.0725727,60.96891,28.917048,-0.71572065,5,1
-8.0608301,3.458037931,4.264555534,0.00074687373,33.901943,40.352139,3.5921578,60.634167,31.462463,-0.46767318,5,1
-2.979881,3.344335059,2.873102166,0.0026151005,15.424977,54.775875,4.8987041,65.045822,31.816174,-0.24128318,5,1
-4.7493577,5.125764908,5.574351928,0.0002616329,44.273457,38.614887,1.6267691,56.713348,30.840313,-0.59716213,5,1
-1.7756989,0.9175778405,2.002246561,0.0021027217,11.443162,54.280621,5.2663999,62.537895,29.8561,-0.78686464,5,1
-6.5490088,3.32032646,3.718670706,0.003199714,25.556458,48.219124,4.7948742,65.056549,32.921131,-0.078676194,5,1
-2.7671146,3.130787365,4.286415268,0.0018734157,26.573309,47.58939,5.1697979,60.254032,28.280582,-0.79298341,5,1
-6.4018173,6.922970477,4.672364317,0.00012873751,41.085182,33.593964,2.0612187,58.523636,31.3057,-0.51486379,5,1
-5.4560504,4.989129524,4.565084898,9.8013254e-05,52.851379,34.603477,4.3677368,59.937103,27.933413,-0.6032362,5,1
-4.4210439,3.350316774,3.884994763,0.00015050521,35.660873,35.411514,4.0912485,55.660866,27.78936,-0.8840782,5,1
-3.5143602,1.766998369,2.642618424,0.00087300537,23.116426,39.78529,5.1041703,60.332024,27.113739,-0.71381682,5,1
-4.1139169,1.800904908,3.15709913,0.00040310426,33.096645,29.412043,4.8172345,55.611168,29.140747,-0.95191687,5,1
-2.5285397,0.8732260749,0.9081347246,0.0003333835,9.0738859,46.98333,4.7800889,61.243927,30.554682,-0.86752743,5,1
-1.4708414,1.677453515,2.594598053,0.00047441138,21.689877,42.420559,6.0122418,54.613323,27.269539,-1.1547917,5,1
-3.7409332,3.762563658,5.709897724,0.00039544216,28.862915,36.739315,4.8069763,55.415123,26.333803,-0.9701106,5,1
-1.7955807,0.9456038824,0.6420861054,0.0015487046,11.534594,52.810799,6.9671044,60.352833,27.867153,-0.85764003,5,1
-3.6644511,1.771733616,1.759181916,0.0013781434,15.917879,44.299656,4.1915174,60.996956,31.291935,-0.54161638,5,1
-4.5879612,4.130632701,5.939128284,0.00038051867,27.8687,35.288174,5.1251049,57.858986,26.78166,-0.92669278,5,1
-4.8275676,2.527725574,3.416336637,0.00030387251,28.573721,35.94471,2.7656555,59.755367,28.822348,-0.91090113,5,1
-4.4916773,3.028225212,3.846637969,0.00026869305,24.170668,34.105816,2.811687,58.786877,27.686504,-0.99052125,5,1
-2.835758,1.306346528,1.489545454,0.013579874,9.703639,59.768955,14.562781,67.022392,32.690586,0.5007571,5,1
-6.2569275,6.974768585,4.746062368,0.00048251188,32.610413,42.554619,3.8387086,63.291824,31.569103,-0.5700708,5,1
-5.3964596,2.119594055,3.634354497,0.00075765571,22.415852,55.114567,7.4672847,62.660686,30.090925,-0.39315298,5,1
-9.334837,6.314794012,6.23508512,0.00031976221,41.320137,34.437588,2.5304279,63.689632,31.369587,-0.36953896,5,1
-6.15832,2.809140184,3.049603833,0.0009731481,32.869366,38.27029,12.684594,62.547714,30.585506,-0.37243623,5,1
-6.4355583,3.894497176,3.038775329,0.00053580391,32.613846,34.214687,1.609094,57.053162,29.975349,-0.51046491,6,1
-5.3253484,4.882133922,5.162482827,0.0016366902,32.883411,43.21619,4.0894418,61.370995,31.02747,-0.54100108,5,1
-5.1584268,6.211391281,1.634414622,0.0010869893,21.172226,47.001804,5.725626,60.756195,31.902388,-0.4105646,5,1
-4.1285691,3.532016863,4.889625497,0.00023615931,34.575085,35.710651,3.9795585,54.960812,27.73694,-0.85862249,5,1
-3.6984012,3.919008924,4.862915718,0.00054250227,20.316959,58.104752,4.42557,59.511642,30.064594,-0.51492304,6,1
-1.1277095,1.507043751,1.032407502,0.0015282325,6.7845473,60.600586,5.8681798,63.432365,30.796227,-0.0055447221,5,1
-1.2781333,0.5850542717,0.7911371582,0.00060922082,7.1388259,49.113281,5.4641128,62.701099,29.858589,-0.67296946,5,1
-4.8136945,2.278691448,3.415527321,0.00015531201,28.885466,37.400913,3.3323174,60.063301,28.422314,-0.74195415,5,1
-4.8136945,3.239567169,2.388925766,0.00023394114,24.829193,37.400913,3.3323174,60.063301,28.422314,-0.74195415,5,1
-2.1436992,2.642364926,2.491603544,0.0006494454,22.255463,41.252251,3.2401156,59.092377,27.068293,-0.62187278,5,1
-2.0295999,4.593218852,4.864976837,0.00021788065,40.112625,34.944904,3.609015,55.138351,26.827314,-0.62630641,5,1
-3.609472,4.869766398,3.172310256,0.00080093363,22.30385,46.761528,3.7946258,58.663158,28.461996,-1.0411412,6,1
-3.9353113,13.49033833,12.36278447,0.00056650036,26.536402,42.808983,2.0255017,57.676231,31.13229,-0.91357261,6,1
-4.97858,3.702512145,3.53198354,0.00033968088,27.986849,40.621536,1.6892815,55.190174,30.306355,-0.60914457,6,1
-5.9873247,13.67833877,8.727074713,0.0003710562,36.864658,48.658852,2.1014555,58.285843,30.110901,-0.28005892,6,1
-2.9538126,4.738286724,4.604706532,0.00057923212,38.868225,36.419601,2.6678634,54.397041,28.344934,-0.87742776,6,1
-2.1390767,1.121801051,1.36802543,0.0037079202,13.256846,53.394733,3.4901683,61.52422,32.234402,-0.14603272,6,1
-0.49315608,3.881537568,2.758387883,0.00093140639,23.542572,48.113136,2.5556645,54.941837,29.567591,-0.56862885,6,1
-2.9585936,2.702167069,3.255208111,0.00022609263,35.008152,33.597317,1.5199424,49.806595,27.402496,-0.78663242,6,1
-0.54140711,0.4822371045,0.7202913293,0.0022297618,6.5584159,56.071342,6.5805993,59.8885,27.790543,-0.77293766,5,1
-3.6995645,1.969343005,1.907514492,0.0021442256,15.06284,45.387669,3.4233291,57.449238,28.370228,-0.65440798,6,1
-5.4931979,4.779550665,2.808655613,0.00027611971,32.067974,33.545914,1.4406712,50.271873,26.412863,-0.77466851,6,1
1.3394728,1.491158582,2.175635652,0.0013160369,14.048532,53.418953,3.2066479,61.786217,33.071648,-0.17318562,6,1
-2.2359576,2.525479326,3.821187898,0.0002876542,26.80477,41.781441,3.0571637,54.544945,29.000685,-0.69127929,6,1
-4.154995,2.202957103,1.665121677,0.00070893369,14.509879,34.767956,1.5382209,50.551552,28.23171,-1.1671962,5,1
0.17331487,0.161015938,0.04832002051,0.00019049351,2.8442476,32.084354,0.98708785,41.339378,26.075932,-1.5461931,5,1
-3.0276644,0.8411309251,2.46367377,0.00029660945,9.4663839,35.540279,0.72712833,48.414249,25.471092,-1.2995152,5,1
-3.1543164,0.4822929848,0.6200606222,0.00085487735,7.760869,53.058475,6.1539812,68.431183,28.354498,0.0084383786,5,1
-2.3335922,1.248290634,1.597204823,0.0089906324,9.8516264,57.970608,8.0900574,68.170433,32.406685,0.19096792,5,1
-2.7774944,0.9539245878,0.7365670458,0.00021487309,14.134143,39.092438,3.5618396,63.404488,28.738064,-0.69748932,5,1
-1.2652408,0.855131801,0.602800023,0.016599044,5.3587627,66.428627,23.439938,70.163902,31.924465,1.0454931,5,1
-1.3399975,1.38385247,0.7068667131,0.00043575885,13.971416,53.337543,1.954622,66.666405,29.803333,-0.91068983,3,1
-1.6221831,2.777839046,2.404984614,0.00041099795,32.230614,49.223618,2.0726554,70.557503,30.116806,-0.67191452,3,1
-0.6654582,0.7770020937,0.4749284377,0.00020877716,8.6699905,51.987911,2.7014558,64.463776,29.45759,-0.90174526,3,1
-7.7279553,4.180389703,3.233772089,0.0010891398,29.849417,49.594925,2.3934231,68.524971,34.53801,-0.41241592,3,1
-5.1856637,1.824430989,1.77479474,0.0190176,19.704952,56.545765,8.7786999,64.383987,33.951511,0.19799799,3,1
-1.8662767,0.8966692141,0.7553971776,0.0015949436,15.922048,66.530022,5.6068468,69.937134,33.44696,0.16099527,3,1
-4.0585732,1.128376562,2.069519727,0.00049447274,15.584614,55.205238,2.1590161,63.77578,29.12026,-0.37402934,3,1
-4.4806876,1.846664368,2.459654238,0.0019243703,22.37554,49.852043,2.6361737,65.145706,31.644171,-0.49871981,3,1
-4.6195049,4.278949101,3.003242522,0.00043302018,33.828789,45.849247,2.3454027,63.764305,30.541664,-0.60104775,3,1
-3.8457897,4.289331283,4.560552403,0.00019117694,27.979195,51.339424,2.8388734,66.20211,30.297953,-0.538939,3,1
-5.482348,2.072599415,1.860819058,0.001821205,23.549934,56.968075,4.1744733,68.469254,31.910616,-0.091343373,3,1
-5.9603238,3.075678918,2.877043344,0.004609962,30.000296,53.544159,6.2096348,69.806328,33.980598,0.038957596,3,1
-3.032264,2.31064096,1.72754782,0.00056258513,16.813383,55.513718,2.7933078,69.157814,30.331118,-0.50170314,3,1
-3.5060604,2.028601632,1.981629451,0.0003041465,18.05344,46.214245,1.8443378,63.808971,30.138004,-0.71088028,3,1
-2.6803133,1.224118982,2.005844706,0.00030582628,18.725922,42.851013,1.6973834,58.916222,29.191601,-0.95681441,3,1
-2.8418281,3.554976056,2.486265477,0.00037622853,16.719822,42.295364,1.6893678,58.69817,29.432995,-0.93846142,3,1
-4.9615479,3.712964163,3.362184399,0.0042434423,25.857841,50.335049,3.1761217,67.37471,34.090199,-0.042647198,3,1
-5.8296347,2.405506596,4.475816069,0.0003930981,26.251591,37.223003,1.1854275,64.943169,31.465042,-0.8698436,3,1
-5.8817158,3.575799054,4.965645459,0.00037117457,30.700249,37.012501,1.653594,65.791092,34.561253,-0.49799019,3,1
-2.8940439,2.151349279,2.766573249,0.0069735972,16.88965,52.939457,3.7322159,67.549309,32.748119,0.19309491,3,1
-1.8302437,4.634663109,9.200543981,0.00019144277,34.900558,35.80677,1.360036,54.645641,27.08436,-1.0070674,6,1
-5.7935457,2.900224139,3.650745431,0.00048458914,30.00877,36.638058,1.2382301,67.634094,32.724846,-0.41496131,3,1
-2.8683233,4.946608875,3.3490917,0.001869187,21.17351,55.359882,4.7316184,67.978661,31.804419,-0.16298398,6,1
-1.8302437,4.121212643,8.295660322,0.00014536349,35.864826,35.80677,1.360036,54.645641,27.08436,-1.0070674,6,1
-3.1566939,11.82439033,2.969511785,0.00030827668,38.296017,43.578697,2.1087794,64.433594,30.474754,-0.60952628,6,1
-5.8922682,3.023431532,2.515801502,0.00062910735,23.895819,40.55867,5.1321831,62.333447,30.631987,-0.61620981,6,1
-2.9714885,2.272757134,2.448960082,0.0039525684,17.407734,50.362617,3.9153614,68.112236,34.0177,-0.073407888,6,1
-5.1967459,3.247635862,6.158534123,0.00017997151,35.440697,40.719543,1.977546,67.2827,31.871246,-0.41876119,6,1
-4.2274108,3.434475926,2.812395372,0.00023740575,35.093376,30.450968,1.2715143,60.575211,28.927977,-0.56762123,6,1
-2.4584744,2.663594568,3.380552116,0.00063803722,26.177147,40.343262,1.7819453,62.378929,29.077145,-0.81684852,6,1
-4.9621868,4.647460458,5.530806035,0.00088570942,37.664967,43.856136,2.1527832,69.764175,34.129936,-0.43475586,3,1
-3.2317448,2.486982266,4.796395508,0.00093333394,30.253897,41.928738,1.6586227,70.328018,31.938925,-0.64858621,3,1
-4.4326568,2.743844925,2.644688656,0.002978418,21.808271,51.598686,3.3531625,67.812027,32.416718,-0.39667869,3,1
-7.7498174,7.429406457,6.254631242,0.00035166161,46.122894,38.13586,1.7335694,72.89695,33.025196,-0.36824778,3,1
-3.6911328,3.421636238,4.865024521,0.0023687561,24.752668,49.536301,5.4801874,67.572556,32.66301,-0.26307553,3,1
-6.0932379,4.031093065,4.385705712,0.0013265384,52.009003,38.89526,7.662437,69.979248,33.910538,-0.14582038,3,1
-5.5048103,4.237802857,3.852986075,0.00046706421,47.220249,38.773651,4.4484115,68.312263,33.476059,-0.47256625,3,1
-7.6941805,4.921058144,6.696765578,0.00068983907,42.003151,41.698479,2.8222275,64.852135,34.898876,-0.48933312,3,1
-6.2468691,1.982293146,3.082396517,0.0014876447,25.710878,44.64053,1.6158499,64.755882,35.045116,-0.54556715,3,1
-3.9062243,5.652638667,4.462054556,0.0019847872,29.246897,48.611095,4.3344846,70.843826,34.07317,-0.065449923,3,1
-2.8842974,2.298037742,1.594763911,0.0053754682,14.387518,53.559158,4.9302979,70.33783,34.053135,0.16741976,3,1
-3.0644963,7.194158578,3.923703931,0.00058738107,37.720879,41.780029,3.4433026,68.28965,34.164352,-0.29754329,3,1
-2.1847038,4.236799986,3.932101463,0.00093559769,25.431065,44.491592,2.1560163,65.741661,30.76128,-0.59584576,3,1
-4.7307014,3.11383622,2.98936739,0.0012421653,31.581514,51.784206,6.818522,67.258873,31.366215,-0.24243417,3,1
-2.946332,3.01919301,7.918535049,0.0010112252,24.814529,53.988777,4.1661282,64.468582,30.078007,-0.46575731,3,1
-0.09141437,3.70957746,3.090955221,0.0014014622,25.334915,48.024723,1.9873649,69.928322,31.717554,-0.36888146,3,1
-1.1456779,2.99082529,24.61986869,0.00020080604,28.85688,47.793549,1.5717046,65.677628,28.694893,-1.0291612,3,1
0.58020866,0.8249393586,1.760777648,0.00019676633,10.185913,44.800854,1.8455926,66.835342,28.068491,-1.0547082,3,1
-3.588387,3.875722558,5.157784211,0.0024160331,20.728674,46.181099,6.2475338,62.314682,30.590937,-0.59173203,3,1
-4.8248854,4.304801394,4.037536997,0.0024982281,29.591856,40.601818,2.1466389,66.65506,32.3172,-0.30143863,3,1
-5.9052877,2.75031925,4.135584673,0.0015203862,31.018829,46.145325,2.8642321,68.186256,34.010735,-0.41010049,3,1
-3.131146,2.540776825,2.40903779,0.0095213903,18.919395,53.794624,5.7488418,67.878654,34.774105,0.16491577,3,1
-4.2744813,4.251415765,7.154593653,0.00073062448,24.984282,39.963554,1.1567825,57.22086,28.675789,-0.76763511,5,1
-8.9690561,3.088812097,4.154648378,0.0006709774,28.472155,35.836052,1.1944032,61.892891,30.564651,-0.80997676,3,1
-6.2151103,5.5681464,8.790643149,0.000473669,30.628374,41.940838,1.4491864,58.346409,28.127071,-1.1463454,3,1
-5.9704556,1.62636119,2.596175086,0.00070156064,14.22623,41.847309,1.3474863,58.323307,28.018873,-1.1043733,5,1
-4.0245953,1.525052668,2.527874644,0.00081127306,28.026794,34.360466,1.2329575,56.197727,28.090399,-1.0291779,3,1
-2.191205,2.112932512,1.541705829,0.00051478716,11.828443,44.82048,2.2186165,55.254406,27.617058,-0.94284654,3,1
-3.0105243,1.903145631,1.679363253,0.0059285909,14.073904,56.492687,6.1335158,69.91851,33.854542,0.39956734,3,1
-4.1932015,5.302617434,4.264955645,0.0011688693,32.867779,36.32312,1.733506,67.329102,33.197224,-0.3965795,3,1
-4.0082188,3.794074959,2.998354404,0.0011021141,22.656492,49.561958,4.4823713,61.14534,28.580643,-0.31725347,2,1
-2.1900854,3.507677924,2.604032355,0.0014827423,19.658762,37.500195,1.3336972,62.332787,29.259066,-0.746557,2,1
-1.5052695,2.950597746,1.811811981,0.0091832783,13.026522,52.678268,3.1510737,63.943989,32.002079,-0.18395796,2,1
-4.5838571,3.568943818,3.554062891,0.0028941499,24.714266,43.192612,2.3141813,63.398148,31.764811,-0.60583574,3,1
-3.8301497,3.920306003,2.876975668,0.0023604163,28.810358,43.475536,2.6185508,64.757591,32.788937,-0.46666369,2,1
-3.513597,3.598047877,2.682733025,0.0016735647,22.122044,54.539825,4.0067196,65.627167,33.578117,-0.11822581,5,1
-2.9487441,0.6706694848,3.176673374,0.00021519276,17.112062,32.800526,1.0566148,51.089607,24.452702,-1.367744,5,1
0.38356918,0.7906339681,1.360331335,0.00093347795,10.496762,47.464287,2.8226981,58.226425,29.38538,-0.78997779,5,1
-3.117167,1.528119132,2.028175152,0.00014415885,15.492354,32.941025,1.0977042,51.695107,24.120308,-1.3835471,5,1
-1.6570038,1.407044192,3.220320744,0.00061336404,7.2207713,33.974709,1.342576,49.856968,26.421373,-1.0631884,5,1
-2.4110637,1.624857097,0.2621928123,0.00020660261,15.708725,32.36237,0.92847615,49.218834,25.545429,-1.3157915,5,1
-1.9895467,0.8074887608,1.313092798,0.0012405299,8.3640356,41.049202,1.7689748,56.851006,31.02018,-0.49300238,5,1
-4.3649397,5.707777679,-0.7233335529,8.338398e-05,25.080862,39.922199,1.3242565,56.345589,29.303295,-0.65500689,5,1
-1.0982826,0.166120475,0.05815569947,0.00072305428,5.4642725,31.246525,0.62055498,41.910072,27.399742,-1.2728542,6,1
-1.0320268,2.007702278,2.999117806,0.0012433778,15.099923,39.1026,1.0491213,53.027897,27.636686,-1.15284,5,1
-6.0194159,2.950854254,2.856675026,0.0006238643,34.558563,44.107582,5.2002254,66.07177,29.255083,-0.48495218,5,1
-4.6617837,2.882492882,4.145195097,0.00067682983,26.043533,41.957588,3.5346024,63.97192,29.55477,-0.63862354,5,1
-5.4614172,1.932622996,3.649884308,0.0014551085,22.698385,37.58963,2.8644371,66.857872,30.753342,-0.5225184,5,1
-3.8753483,4.119861008,2.549572787,0.00056068163,24.446077,41.360397,2.4222624,61.187206,28.839108,-0.78496706,5,1
-7.0016332,3.263978595,1.886878746,0.00041286414,27.729153,44.197933,5.7616601,69.163063,29.714451,-0.38826162,5,1
-3.7961814,2.15780443,3.22016242,0.00097926962,14.570066,57.40081,6.8965597,65.847122,29.412926,-0.29505283,5,1
-3.5364044,3.421756328,2.603910176,0.0038684243,17.344711,54.394142,5.189045,67.111694,31.887049,-0.31065837,2,1
-3.3346095,3.051622398,3.989572024,0.00057853537,22.289179,49.54829,2.957577,64.435051,28.256544,-0.70713878,2,1
-4.3785028,7.29026003,6.241621334,0.0010578379,22.737692,53.54961,5.7845821,66.63736,31.499878,0.11836812,2,1
-4.7130489,1.827081927,2.356779885,0.0084851282,19.838146,58.130466,5.8914704,68.630478,32.589554,-0.062323064,2,1
-3.2079849,3.953386636,3.43965999,0.0012443824,21.372929,53.319633,5.1888146,65.415413,29.012495,-0.49248755,2,1
-2.4819353,4.953613108,5.053747786,0.00070895918,26.079508,43.945004,2.1340148,65.284569,28.715336,-0.76156723,2,1
-4.278336,8.642054324,6.875315283,0.00014813816,54.66016,37.240494,1.1734152,66.822784,29.356026,-0.84188437,2,1
-3.0514839,1.61224236,2.208745077,0.00090342644,18.077881,46.753025,4.4421258,58.927994,27.894003,-1.1027659,2,1
-3.9255309,2.518415269,1.275300459,0.00060701784,16.769997,48.172794,4.6146922,65.389069,25.888905,-1.3330612,2,1
-5.0296674,4.855733006,4.995876885,0.00039774374,29.018311,43.665573,3.4658215,67.324463,30.401144,-0.50707453,2,1
-1.2125181,1.311063924,1.262727447,0.0038031896,11.895992,58.388996,5.8812103,69.843307,32.761253,-0.057100356,2,1
-4.0310326,3.399059069,3.371710833,0.00068518985,28.517792,35.10371,1.7068065,65.633705,28.912708,-0.81801701,2,1
-3.9652181,2.229581053,3.141123314,0.0030672047,18.708923,47.226315,3.4156196,65.06488,31.640238,-0.42819256,2,1
-3.0289676,4.207330331,3.9457859,0.00082104548,29.414249,40.600082,1.8376943,65.403069,30.782743,-0.62175447,2,1
-5.83637,3.451797149,3.709381028,0.0022949483,19.445702,49.367886,6.9503665,68.053604,31.574568,-0.023833513,2,1
-4.7713304,4.086097918,4.668259115,0.0039557177,26.937979,40.597813,4.2859268,68.901093,31.61013,-0.18364601,2,1
-3.7122295,2.855918632,3.118324905,0.0037698778,20.446434,46.066345,4.1840272,70.162109,33.236485,0.03133297,2,1
-3.3317931,3.178407368,11.48452319,0.0031148694,13.826464,55.257702,10.163415,65.762505,28.929722,-0.46917617,2,1
-1.5796331,1.599353991,1.439124103,0.042110771,8.1885757,53.911804,37.369846,58.006607,35.010082,0.3522931,2,1
-2.3261425,0.856607171,2.117057048,0.0040351455,7.2801857,58.107632,11.164184,64.946808,30.556074,-0.14348,2,1
-2.4862225,1.951505123,2.620278358,0.020818401,13.977739,57.823708,29.17473,64.309486,33.889297,0.50352156,2,1
-2.3135703,1.611536433,1.909027252,0.019985139,12.281702,53.536152,9.3335457,65.583344,33.503345,0.18032566,2,1
-3.5121727,1.027989968,1.309558445,0.002092937,11.653407,56.477589,8.1462965,70.157669,34.739796,0.3760013,5,1
-4.5141053,1.756354027,0.8693153841,0.0015799107,16.492762,47.065102,5.7612853,65.364304,28.929317,-0.6768381,5,1
-3.8615432,3.284473713,0.9557287179,0.00055134133,20.096802,45.66449,4.1346493,69.420708,28.022846,-0.73384637,5,1
-2.7774944,0.9866475813,0.3990488883,0.00018712848,27.865379,39.092438,3.5618396,63.404488,28.738064,-0.69748932,5,1
-4.2885671,2.191963932,2.138345237,0.0010406502,16.755014,51.234581,3.4493737,66.762718,27.189911,-0.82223207,1,1
-3.9837978,1.943118745,0.6614846792,0.00012005384,18.537395,41.386082,8.4449587,62.098663,25.317303,-0.93443877,1,1
-3.9837978,2.246131317,2.695879592,0.00026106945,20.049213,41.386082,8.4449587,62.098663,25.317303,-0.93443877,1,1
-5.1562352,2.422746164,3.136700511,0.0024678891,16.696009,52.256687,3.8483403,71.835625,29.804092,-0.24735555,1,1
-4.3773589,3.045422141,5.293261486,0.0011517046,19.054012,58.872765,5.0881276,73.71463,29.800358,-0.019029677,1,1
-3.6201925,5.298436889,3.054195964,0.00033920474,23.736101,52.435398,4.7664356,72.670006,29.359188,-0.43445393,1,1
-4.3546619,3.630242874,3.445402351,0.00094603957,17.479996,52.749897,4.0187283,72.859192,29.564581,-0.47697023,1,1
-4.4639544,4.990929637,4.993054658,0.005673341,19.615599,52.605354,14.609289,68.252792,32.642826,-0.010189563,1,1
-1.6374433,0.08970238403,0.02465852854,3.4341785e-05,3.6329985,63.302822,7.2174973,68.772888,27.776724,-0.68501723,1,1
-1.6374433,0.07777416098,0.07742080133,5.3912911e-05,2.8376389,63.302822,7.2174973,68.772888,27.776724,-0.68501723,1,1
-2.7563136,2.789790669,3.498426444,0.0177813,13.395924,63.300758,17.068567,69.618919,32.066288,0.40551081,1,1
-5.3242955,5.284608134,4.527967296,0.0042735264,19.012125,59.025616,5.6403923,73.625443,30.537722,0.083327442,1,1
-5.9153395,2.325149991,2.797159705,0.00041919507,18.618851,52.318287,3.358398,73.543205,31.607304,-0.34234697,1,1
-3.5253518,6.356230165,5.853347458,0.002445634,19.251545,56.288235,8.7551279,68.649933,31.98461,-0.29681593,1,1
-2.8805776,2.38913374,2.629319018,0.012189665,16.675259,58.75087,13.789432,69.468948,33.304714,0.26530236,1,1
-3.119045,1.804599376,1.986867478,0.00062082114,17.242672,54.630596,3.9698195,72.046783,31.277573,-0.39445072,1,1
0.57641524,4.908369489,2.69405653,0.00016994913,30.391962,47.079346,1.6015474,70.151695,29.572445,-0.54994762,3,1
-0.19793531,0.9519182668,0.8792446451,0.00016916693,16.022411,53.491806,2.1670973,67.458694,28.597324,-0.89965677,3,1
0.3433781,5.685134792,0.7326117012,0.00011524353,18.67148,51.990677,2.1689329,67.941002,28.562706,-0.81350482,3,1
-2.5359478,0.7324944424,0.6076656959,0.00024281995,13.400957,46.312344,2.2188439,71.061096,30.014034,-0.58736491,3,1
-1.3549881,3.054334396,1.800368425,0.00033196862,32.246681,49.272278,1.5852466,73.083466,29.714146,-0.45208824,3,1
-2.3438206,6.712107257,4.11667348,0.00020439018,34.836617,50.33036,1.5773816,74.484642,29.777817,-0.40811747,3,1
-0.71490878,16.66255148,14.10264049,0.00026190121,41.498131,50.756645,3.298372,78.755806,28.984022,-0.64628476,4,1
-3.4668188,3.954128457,4.115824203,0.00012226471,21.180813,51.895695,2.9010892,78.07869,28.567242,-0.63934851,4,1
-2.7619367,3.36503742,2.631545545,0.00054251356,28.070641,60.069866,3.5117154,77.810196,30.957317,-0.24202295,4,1
-3.5662863,7.525899621,7.176281148,0.00039752849,32.904499,55.76886,4.0510912,77.344856,29.927614,-0.27609766,4,1
-3.345232,2.102913323,2.202129353,0.00091731735,21.022793,56.822819,2.9965374,78.112656,30.77837,-0.15129581,4,1
-2.5226815,1.840758382,2.553360861,0.010341853,15.964996,65.732643,8.8706598,76.472733,34.421749,0.6984219,4,1
-4.9246488,1.813395575,0.6945952317,0.00015037197,14.499805,49.438484,1.7245866,71.029457,29.029491,-0.76062208,4,1
-3.4541488,2.026867971,1.376620756,0.00051008299,15.469696,51.180386,1.9941483,69.039459,28.363487,-0.82594454,4,1
-4.3361807,7.375169337,4.512769317,0.00081516622,18.766958,62.818325,6.3110495,76.614418,27.988148,-0.30409768,4,1
-2.0343938,1.692202997,1.268682105,0.00025586205,26.143948,50.474842,4.6698184,76.250069,30.586559,-0.12955658,4,1
0.25755167,2.260097876,3.965664464,0.00027773489,30.145988,52.77359,2.34237,77.082695,30.065649,-0.54081285,4,1
-1.0573587,1.238753045,1.24401522,0.00025589947,29.184416,50.17432,2.2470751,75.454712,28.912539,-0.52522337,4,1
-3.5303683,3.608974667,4.506366985,0.00041344514,30.521425,49.92812,3.4662802,76.508041,30.765919,-0.25905907,4,1
0.39298832,2.261936985,1.55041924,0.00078120042,22.628782,55.179371,3.3803661,73.17588,31.691975,-0.13503447,4,1
-0.84173894,3.023184631,5.808472205,0.00010729871,25.39418,50.107288,3.5603244,76.774849,29.981634,-0.4378089,4,1
-2.6594315,2.220631986,1.696866779,0.00072340161,21.035431,64.971802,5.9272485,74.120865,29.200136,-0.35344034,4,1
-0.94075716,4.306804378,8.560997406,0.00090174197,20.789854,58.855576,3.5461216,77.537262,33.220577,0.40672481,4,1
-2.1581757,2.384831033,2.424111023,0.00051288173,32.079079,47.747051,2.1128836,71.531448,30.159527,-0.43602479,4,1
-2.0079186,4.084100453,3.310821754,0.00069551746,41.106304,46.160938,3.5884686,75.880104,33.53965,-0.14332479,3,1
-3.7366536,2.870045638,2.445668543,0.0019656073,29.992851,50.261833,3.1207838,75.956329,32.48082,-0.085913166,3,1
-5.2952404,7.401120497,4.004865346,0.001115275,23.856144,51.748013,5.1175132,76.573586,33.300987,0.11025004,3,1
-2.0204208,2.81588596,1.386353311,0.00023598885,24.515959,44.1502,2.3887069,73.425102,30.782656,-0.51289725,3,1
-0.95261633,2.44727789,1.848520706,0.0013307828,28.511545,47.987068,2.743557,73.626587,30.807182,-0.38154644,3,1
-2.0702097,7.7025298,6.525233148,0.0010902606,24.634962,54.500069,2.1091702,76.082314,30.158079,-0.39120153,3,1
-1.6998479,2.40272466,3.667164054,0.00078089244,21.076349,56.204498,2.0494285,75.16922,29.936972,-0.33870661,3,1
-1.0254554,8.944652341,4.098549361,0.00041902711,26.741585,48.858566,1.1731855,78.267891,29.493746,-0.28094599,3,1
-1.9990301,1.538858553,1.248661061,0.0021290137,17.150843,65.652275,6.6087694,77.512375,32.048389,0.26795745,3,1
-1.7854806,2.534758662,6.480945687,0.00058448775,25.519266,47.230167,2.2395282,74.579773,30.418268,-0.47452116,4,1
-1.3812376,3.492907368,2.797765206,0.00035954753,31.235319,52.96806,1.9116167,67.530731,31.224771,-0.35752755,3,1
-3.0850024,3.62271612,3.054162706,0.00036123005,31.789288,46.172153,1.3841381,69.509583,30.033976,-0.72954059,3,1
-2.65415,1.021339456,3.481154573,0.00074914441,13.655031,63.641243,4.2979026,71.426056,33.122955,0.43120489,3,1
-1.6509699,2.595447701,2.447031396,0.0013742949,19.576914,60.960949,6.2413301,67.572441,30.827061,-0.1463975,3,1
-3.5213976,5.134580017,4.405068412,0.0004877951,33.263771,48.439045,3.9014146,69.632851,29.367456,-0.60423583,4,1
-4.2548361,2.335773845,3.493078992,0.00051958766,20.96731,52.306427,2.3632348,68.20166,29.413828,-0.76677096,3,1
-2.037308,1.211033857,1.60501758,0.0013744435,17.96064,53.488476,4.4703913,70.09095,32.950096,-0.095426962,3,1
-0.94719446,2.49683525,2.738547171,0.00025362067,26.640589,47.084805,2.2776518,75.706474,30.7994,-0.44789281,4,1
-1.2828792,1.764804435,2.013375875,0.0018899717,18.449562,54.012234,3.0018091,68.856003,32.019398,-0.23119003,3,1
-7.1441212,2.939606865,2.878459517,0.0020615051,28.384205,52.032516,5.1417003,73.46756,34.841053,-0.13220266,3,1
-3.7517633,2.929720922,2.525184047,0.0059292237,23.020285,56.408604,6.390038,71.913033,34.844425,0.24046645,3,1
-4.5678339,1.246544242,1.851519116,0.00048457764,13.314356,46.267475,4.7823133,67.637878,29.874096,-0.71196091,3,1
-2.8803945,2.931026853,2.757341577,0.029232362,16.048346,57.674099,22.752466,64.555565,34.959827,0.44208482,3,1
-5.300354,5.096434702,5.495363747,0.0022273574,30.822226,51.617931,6.4029584,69.291183,33.738346,-0.24625815,3,1
-1.9678249,1.628470666,4.277115562,0.00039949428,14.865816,39.691116,3.0029633,60.763336,29.445526,-0.82599968,4,1
-3.9833028,3.77986599,4.770791958,0.00049320224,25.509193,41.711937,1.9832889,64.236336,30.024397,-0.85522163,4,1
-3.1078393,1.528253936,1.67839372,0.0083154291,13.098934,57.812363,4.6996388,68.552895,33.427757,0.17420933,4,1
-4.8978662,3.381309621,8.61230927,0.00013378699,31.066284,45.690327,2.4081271,73.172035,31.02071,-0.55467254,4,1
-4.5853438,1.33702754,2.722770965,0.00030315513,23.356756,46.61615,2.0551157,68.920013,31.501808,-0.71943748,3,1
-1.830267,0.716400242,0.4231401497,0.00096607296,7.648284,56.228912,2.177407,73.497978,33.526981,-0.11013687,3,1
-3.1988037,2.625106191,2.632246464,0.0013670906,19.590305,52.870293,2.0251291,68.173149,30.548132,-0.45154646,3,1
-3.0951383,5.707820698,4.061432612,0.00054407073,23.811684,45.916676,1.7901834,69.645561,28.767416,-0.90671754,3,1
-5.0652051,7.67027159,3.540680716,0.00022963826,31.719679,38.651569,2.9104347,60.729851,29.467381,-0.77145946,7,1
-4.9579482,5.069282769,5.942660326,0.00032301495,28.447908,34.682865,1.5955729,59.946568,26.004532,-1.0174847,4,1
-5.0964046,1.674255622,1.598270937,0.0002732815,29.065117,39.397511,3.1314359,60.822601,30.081844,-0.73644692,7,1
-5.1663551,7.42879563,6.540038902,0.000188502,30.208672,37.037369,1.3754066,58.262451,26.586792,-1.3085641,7,1
-5.1663551,1.991403504,2.602389354,0.00023504571,28.864897,37.037369,1.3754066,58.262451,26.586792,-1.3085639,7,1
-2.3008394,1.763399663,2.621230102,0.00054415234,28.63175,33.694565,1.600942,58.621693,28.32646,-0.92749149,6,1
-5.4755869,8.765476273,6.325794038,0.0004128569,38.582466,40.311684,1.9694198,60.534061,30.821302,-0.67311835,6,1
-5.371841,2.827102443,6.037990992,0.00048913405,16.341743,45.910549,1.5324348,60.704254,28.792,-0.95710015,6,1
-6.3100209,43.08460429,28.65516011,0.00011994537,26.441265,46.65572,1.6046445,60.901363,29.478148,-0.88478184,6,1
-4.1635494,3.90460704,1.859236353,0.00050936459,27.021154,50.885193,1.9393941,69.252609,29.211235,-0.71186471,3,1
-2.0520325,0.9082766674,1.777492418,0.00094668602,15.986499,55.806488,2.8237481,64.78717,29.48567,-0.89336306,3,1
-1.9784282,1.055675005,0.582374573,0.00013668231,6.3885212,49.145256,1.5268562,62.141182,26.142879,-1.321205,3,1
-3.8189578,2.994499178,3.551701954,0.00066201045,22.566292,35.929241,1.4850087,61.617737,29.617283,-0.82222569,4,1
-3.2045503,3.547611049,2.025886517,0.00026554926,25.568897,34.237255,1.1176699,56.605465,29.309183,-1.0292118,4,1
-2.1320348,6.582447395,4.860756125,0.00037468379,34.859474,33.066128,1.5997581,58.878796,30.380613,-0.65444618,4,1
-7.6501956,5.750013615,5.840286121,0.00070972333,34.388744,39.511219,1.6549394,59.937416,30.677084,-0.73129904,7,1
1.3564644,2.288993089,1.986265083,7.4560041e-05,54.621113,55.431217,2.9703357,73.332367,27.746275,-0.58344603,4,1
-1.7200634,0.9227646178,0.7451133486,0.0010222367,9.9961615,58.078712,2.1503778,68.973503,28.235304,-0.83191997,4,1
-2.04953,0.07163115577,0.06524539686,1.8608955e-05,8.8432684,52.877163,2.2567267,67.066963,27.669468,-0.89401472,4,1
-2.04953,1.533257037,2.034275751,5.1448285e-05,31.586287,52.877163,2.2567267,67.066963,27.669468,-0.89401472,4,1
-5.380456,2.413068027,2.264319214,0.00020200586,24.903833,42.170891,2.1841719,67.548386,27.789089,-0.99881625,4,1
-2.1810148,3.247331246,3.024214123,0.00017544457,27.601,47.973759,3.044822,66.87294,27.763367,-1.0483841,4,1
-3.867969,6.065940778,2.124763691,7.9810779e-05,41.493229,46.847187,2.5628488,67.428879,28.050524,-0.9494403,4,1
-1.6506112,1.399617111,0.6506669922,5.0205825e-05,45.66724,45.385651,1.2128965,67.445984,26.791159,-0.98768896,4,1
-4.8709726,1.18638868,-0.4669245276,4.4536468e-05,55.242271,45.506081,1.8140309,67.91449,27.997473,-0.87169993,4,1
-0.41499949,3.28552636,2.281931246,0.00010739126,26.637146,46.338326,2.1777916,70.1129,29.431385,-0.57144839,4,1
-4.8709726,4.138944896,1.636159931,0.0001369777,16.887838,45.506081,1.8140309,67.91449,27.997473,-0.87169993,4,1
0.74968594,0.4372170486,0.3682492235,0.00041198335,6.1725383,57.902443,2.4629555,71.207176,28.02796,-0.58629519,4,1
1.8947614,0.02837562903,0.2925374088,1.0081617e-05,3.2692611,52.965778,1.538271,72.24453,24.966869,-0.85436344,4,1
0.22490907,0.3275062164,0.08732187252,3.5854562e-05,5.9150114,60.079105,2.8706653,70.752953,29.388662,-0.46713471,4,1
0.22490907,0.01081268557,-0.0002267158305,9.8424289e-06,1.0264987,60.079105,2.8706653,70.752953,29.388662,-0.46713471,4,1
3.7723482,0.60870196,1.088696348,8.2154409e-05,7.3848753,57.568859,2.0188413,73.792465,25.313368,-0.77052861,4,1
4.6420121,0.414278995,0.09223465305,2.3472438e-05,22.271534,55.878674,1.5969163,74.173996,25.237366,-0.75285023,4,1
0.86305505,1.315330136,5.727677845,5.9507071e-05,15.44587,59.377098,2.6577873,71.316162,28.663046,-0.51707566,4,1
0.22490907,0.2207695355,0.1802956039,0.00026926072,3.7167821,60.079105,2.8706653,70.752953,29.388662,-0.46713471,4,1
1.9614229,0.0871242189,0.05885959268,4.173088e-05,5.7716131,58.256947,2.3181093,72.221855,27.532478,-0.59488767,4,1
-0.35154235,0.0439739441,0.08864046669,9.5454116e-06,0.874291,48.77676,1.8078493,64.391144,24.654997,-0.97490132,4,1
0.45498833,0.008131521315,0.02924940012,1.0214553e-05,1.1414194,50.31472,1.7225262,66.597839,23.668198,-1.0993682,8,1
1.8947614,0.09355820025,0.2638097319,1.4346917e-05,3.8741865,52.965778,1.538271,72.24453,24.966869,-0.85436338,4,1
0.72030884,3.625495513,1.168669703,3.088337e-05,9.5865059,50.782043,1.6732924,68.414268,25.25428,-0.84628034,4,1
0.45498833,0.08230023704,0.01848705301,7.2961093e-06,1.8918815,50.31472,1.7225262,66.597839,23.668198,-1.0993682,8,1
0.45498833,0.2612353891,2.795360609,4.5235876e-05,4.4611192,50.31472,1.7225262,66.597839,23.668198,-1.0993682,8,1
0.45498833,0.5074043164,1.772391036e-06,1.4592219e-05,3.966409,50.31472,1.7225262,66.597839,23.668198,-1.0993682,8,1
0.45498833,0.3308743681,0.1133961191,4.4263063e-05,3.5676572,50.31472,1.7225262,66.597839,23.668198,-1.0993682,8,1
0.7330842,0.2043077998,0.07224898911,4.3460128e-05,1.943017,50.74379,1.6927049,67.503288,23.886944,-1.0581002,8,1
1.8947614,7.230684835,1.439581342,9.6550873e-05,10.986852,52.965778,1.538271,72.24453,24.966869,-0.85436338,4,1
0.80800158,1.691558474,0.3066481066,7.8988945e-05,12.835163,54.014153,2.0288105,69.334557,25.803593,-0.8364172,4,1
1.7470999,0.1764526074,0.06894045774,8.605975e-05,2.6835759,53.617634,1.6603688,72.106979,25.369093,-0.8191396,4,1
2.9757938,5.236955603,1.859706342,0.00014632268,34.472012,56.077755,2.8278224,77.195122,29.965961,-0.24185133,4,1
2.9757938,1.877705911,1.508818007,5.1115392e-05,33.102001,56.077755,2.8278224,77.195122,29.965961,-0.24185133,4,1
-2.4208694,4.741055324,2.868244233,0.00071696524,12.7876,60.215958,4.2837358,79.6063,36.65625,0.19979909,4,1
2.9757938,1.998556568,3.503702544,0.00014398152,28.961077,56.077755,2.8278224,77.195122,29.965961,-0.24185133,4,1
1.3308398,0.9493348327,1.341610177,6.3494001e-05,11.044733,55.467899,2.5485718,75.494644,27.12541,-0.59381974,4,1
0.28506029,2.161162027,2.680215156,7.4129421e-05,15.52919,51.24181,1.1040162,74.77372,28.391129,-0.62302798,4,1
0.34513217,0.001079145411,-8.409359613e-05,2.9111139e-05,0.10827293,50.070007,1.7173182,67.165131,25.353262,-0.84349644,4,1
0.28506029,0.004924011534,2.341489694e-06,2.7427886e-05,6.8978519,51.24181,1.1040162,74.77372,28.391129,-0.62302798,4,1
0.28506029,1.352322786,1.155684048,0.0001871768,13.224678,51.24181,1.1040162,74.77372,28.391129,-0.62302798,4,1
-0.3927201,1.286320916,0.8693386403,0.00036442693,13.10801,51.673637,2.3699493,68.51223,27.857441,-0.7516858,4,1
1.0090684,0.4977405957,0.2567041155,0.00011148483,17.920168,62.573833,3.4957523,72.768944,25.943398,-0.78887278,4,1
1.8192019,0.8334146153,0.8832291421,9.9959841e-05,21.031324,56.483166,3.1384163,74.669586,27.717659,-0.5401352,4,1
0.61486447,0.8484559484,0.4318493807,0.00038536894,10.969227,62.963253,3.7522039,72.759399,26.245251,-0.76820505,4,1
0.58793062,1.49811451,0.5708175308,0.00073338207,11.429943,65.447273,3.3476253,77.731293,30.383223,-0.082786828,4,1
4.6420121,3.030983956,3.255811959,5.8063397e-05,35.379089,55.878674,1.5969163,74.173996,25.237366,-0.75285023,4,1
4.6420107,1.177498745,0.607042359,0.00013918744,14.254379,55.878674,1.5969163,74.173996,25.237366,-0.75285023,4,1
4.6420107,0.9915203934,2.236553555,9.8831315e-06,13.292822,55.878674,1.5969163,74.173996,25.237366,-0.75285023,4,1
-1.0406386,1.014693726,1.041934188,0.00042041254,19.419823,52.957756,2.1180418,73.996529,25.677845,-0.7485128,4,1
-3.469003,2.185311694,1.270212058,0.00025044018,24.042904,47.857906,1.6055386,73.710991,28.227911,-0.36959645,4,1
0.12086545,0.2601877829,0.04472046912,5.3730713e-05,4.9573064,54.341568,3.0093684,75.093918,23.983677,-1.0287367,4,1
1.6173667,0.2896602644,0.1806490504,3.5711229e-05,7.6278634,50.757236,7.4600735,74.868355,28.488163,-0.39175662,4,1
-0.002884439,0.4659027936,1.31718878,2.2416692e-05,4.1748657,54.54924,2.7515035,75.106567,23.728024,-1.0648887,4,1
1.3966444,-0.006185973226,0.1883548533,4.0500585e-05,3.5742049,49.023132,1.4340327,75.675301,26.561869,-0.35781831,4,1
-3.9687977,2.213602297,2.360969001,0.00016974064,22.139982,54.551529,4.0993199,77.87114,30.049601,-0.28012529,4,1
1.3966444,0.9594900098,3.97711,9.9081786e-05,17.856152,49.023132,1.4340327,75.675301,26.561869,-0.35781831,4,1
0.28506029,1.037890276,0.566407581,6.8569716e-05,13.934559,51.24181,1.1040162,74.77372,28.391129,-0.62302798,4,1
1.3966444,1.225630341,0.5158295231,7.4853757e-05,12.215635,49.023132,1.4340327,75.675301,26.561869,-0.35781831,4,1
1.3966444,0.04859579147,0.1143479088,4.0500585e-05,1.9033158,49.023132,1.4340327,75.675301,26.561869,-0.35781831,4,1
0.62450552,0.1036137292,0.01647189537,1.9490706e-05,3.3902757,50.552803,1.2065017,75.054382,27.813595,-0.53929627,4,1
1.3966444,0.2248909309,0.08076223496,7.4853757e-05,3.1218419,49.023132,1.4340327,75.675301,26.561869,-0.35781831,4,1
-1.1731644,0.05662708965,0.1425910464,9.3626777e-06,10.523335,47.112957,1.9001544,61.97636,25.795385,-0.83106208,4,1
-2.73752,1.277569989,2.934281709,0.00030670149,18.601337,52.207417,2.8599479,77.607674,28.104601,-0.67344719,4,1
-3.9361503,1.207007048,0.8181158553,0.00018449865,18.130203,52.042866,3.1666114,76.690498,28.240269,-0.62022913,4,1
-2.2698789,3.641596883,2.127440676,0.00020977497,27.223883,52.73946,4.5048642,77.516548,30.058626,-0.29797041,4,1
0.18576001,0.9209824339,0.6467412119,0.00021448321,26.61796,50.558163,4.3581185,75.781357,28.639528,-0.5629248,4,1
-1.5711699,3.021810061,1.596297666,0.00021858374,22.974985,52.748947,3.9036551,77.395073,30.060534,-0.36393046,4,1
-0.12843098,5.635096605,4.329222707,0.0001738313,27.953184,50.837547,4.376914,76.003403,28.822317,-0.52879679,4,1
-0.037808504,0.884425043,1.502244865,0.00018698488,28.649933,49.100605,3.4201555,76.826538,28.626436,-0.48559114,4,1
0.75876713,2.253465243,2.44888513,0.0003619128,26.231205,52.488483,2.4989531,76.445084,28.966396,-0.80381608,4,1
-1.8749567,1.409659666,0.9607266118,0.0021324363,10.884651,61.544491,6.4254651,75.630829,33.754559,0.40027022,4,1
-0.41499949,3.467836407,3.846616551,0.00012858691,22.504923,46.338326,2.1777916,70.1129,29.431385,-0.57144839,4,1
-2.8833194,2.176398588,0.9189554126,0.00012336049,16.029007,47.022118,2.3414626,74.123154,31.03134,-0.4688397,4,1
1.4170216,1.129146752,1.425283822,0.00017124263,21.358891,46.707924,2.7069199,76.36911,27.686417,-0.60873598,4,1
-3.3249509,1.829747284,1.152663421,0.00056637044,10.249099,54.819328,3.1788788,69.568687,31.212416,-0.48876494,4,1
-1.1731644,0.000633557866,0.0843829519,3.024865e-05,0.28218603,47.112957,1.9001544,61.97636,25.795385,-0.83106208,4,1
-1.1731641,0.4670984961,1.791499669,1.8365252e-05,15.885861,47.112957,1.9001541,61.97636,25.795385,-0.83106208,4,1
-1.1731641,0.004759455094,0.01006367217,4.3212358e-06,0.77467972,47.112957,1.9001541,61.97636,25.795385,-0.83106208,4,1
-1.1731641,0.0001040718829,7.484075175e-07,3.9251227e-05,0.66357559,47.112957,1.9001541,61.97636,25.795385,-0.83106208,4,1
-0.002884439,0.6179707587,0.7551103751,0.0002389704,9.774601,54.54924,2.7515035,75.106567,23.728024,-1.0648885,4,1
0.32597461,1.843040324,0.6079816954,0.00034358562,9.7728157,63.682468,5.2483034,69.871262,28.376097,-0.66545415,8,1
1.037637,0.4020557187,0.0876652638,7.5503995e-05,7.3478065,52.361263,2.2188532,68.945053,23.284206,-1.1659269,8,1
-0.92644721,0.01642889303,0.3917641973,7.9312966e-05,1.5317498,49.274033,2.1475668,65.902229,25.101337,-0.90956163,4,1
-2.0253551,1.38035793,2.16705804,0.00019928293,19.769817,50.867546,7.2199693,76.074272,29.243385,-0.32794791,4,1
-1.5436283,1.856875002,2.575769292,0.00021525891,38.913311,51.271545,6.5690475,75.836174,28.91139,-0.39728791,4,1
-3.384542,1.84282731,1.572630837,0.00015180877,23.921377,61.897232,4.4381804,75.325829,27.263891,-0.61933869,4,1
1.2890867,2.265591551,0.3189018286,9.5969146e-05,15.259007,53.671043,2.7029984,74.427757,26.875877,-0.82242274,4,1
1.6173667,1.306377699,1.003085273,0.00027713401,22.750114,50.757236,7.4600735,74.868355,28.488163,-0.39175662,4,1
-3.2425289,28.8256167,0.9828655098,0.00066440873,27.029415,49.082714,7.3683457,73.478348,31.349701,-0.12800217,4,1
-2.0253551,3.292929275,0.5956535867,8.864425e-05,21.890829,50.867546,7.2199693,76.074272,29.243385,-0.32794791,4,1
-1.0123817,1.741762517,1.628199309,0.001103928,16.680851,66.227959,6.1762156,77.353622,30.704323,-7.1823597e-05,4,1
1.2890867,2.831199023,2.714748171,0.0001431839,23.435881,53.671043,2.7029984,74.427757,26.875877,-0.82242274,4,1
-3.0510767,2.521974228,2.941255871,0.00017299809,31.332064,46.915367,2.238548,72.785187,31.280371,-0.46643573,4,1
-1.9978976,1.163510736,1.591495668,0.0028782119,11.445305,59.475346,6.1305528,73.664955,33.300766,0.18222541,4,1
-1.143944,0.3137923988,0.328889904,0.00014415995,6.8657241,52.292053,9.1447086,66.715637,23.345564,-0.8412376,8,1
2.8057482,0.9214174851,0.9765235747,6.1746723e-05,10.681374,51.588459,6.7157187,69.424149,24.74272,-0.9419874,4,1
-0.002884439,0.07494301263,5.177289127,8.4591293e-06,7.7831054,54.54924,2.7515035,75.106567,23.728024,-1.0648886,4,1
1.0489608,3.585453817,0.01163993863,2.9489498e-05,2.7079139,53.682095,3.7329693,73.687119,24.078247,-1.0358045,4,1
1.7780821,0.9605916838,1.037582262,4.701758e-05,16.955809,50.766571,7.425014,74.523682,28.295267,-0.42415255,4,1
4.2451568,0.2401901101,0.2292625968,0.00013123982,4.6347766,50.915901,6.863843,69.008408,25.215765,-0.94133908,4,1
-3.8423002,2.956809583,4.24400507,0.0020965466,12.095625,65.008614,9.525713,65.523674,30.629271,0.15752569,8,1
-1.143944,0.02204529304,0.02110968924,2.2178452e-05,2.7643199,52.292053,9.1447086,66.715637,23.345564,-0.8412376,8,1
-1.6413873,-0.07420139696,0.009804345751,1.6395685e-05,5.1637044,50.847679,6.6175499,61.408306,25.059101,-0.74231541,8,1
-1.0795721,1.06197769,4.629607028,0.00068049197,10.703674,51.121532,5.5476613,63.774818,30.124018,-0.64645821,8,1
-1.6413873,0.2052947834,0.102427219,8.3435814e-05,3.1323738,50.847679,6.6175499,61.408306,25.059101,-0.74231541,8,1
-1.143944,0.0642644667,0.405926567,4.2910484e-05,5.4860468,52.292053,9.1447086,66.715637,23.345564,-0.8412376,8,1
1.2024583,0.121515512,0.2898121681,2.3213766e-05,3.5930011,58.47504,1.9120269,73.529701,24.382765,-1.1859479,4,1
1.2024583,1.669689938,0.4009560466,2.1371403e-05,11.130541,58.47504,1.9120269,73.529701,24.382765,-1.1859479,4,1
1.2024583,-0.6289579481,-0.2219901247,3.7584192e-05,21.588097,58.47504,1.9120269,73.529701,24.382765,-1.1859479,4,1
1.2024583,0.1530229281,0.1531521247,6.1166429e-05,3.7970071,58.47504,1.9120269,73.529701,24.382765,-1.1859479,4,1
1.2024583,0.04863860431,0.06186183225,3.0583215e-05,3.8740563,58.47504,1.9120269,73.529701,24.382765,-1.1859479,4,1
2.5294461,0.2636040383,8.066340586e-07,1.9674251e-05,2.7384048,55.296589,3.9941602,71.62944,24.731438,-1.0835609,4,1
4.2451568,1.336563044,0.7679449726,7.1906848e-05,11.588809,50.915901,6.863843,69.008408,25.215765,-0.94133908,4,1
-3.1078043,1.811506842,1.432147475,0.00020125663,19.856483,61.266117,4.6093783,75.29982,27.334066,-0.60629404,4,1
2.0827203,1.371639096,1.612701349,0.00017587296,33.349442,54.037292,6.1743608,70.799187,25.791704,-0.85079187,4,1
-2.7265203,0.3951370627,2.649596206,5.8360674e-05,5.3125563,60.605396,3.5199378,63.722355,27.290228,-0.93730181,8,1
-0.37869251,0.1011565117,0.07984824528,0.00047608704,2.2392747,66.421242,12.973157,73.189995,26.582268,-0.52800864,8,1
-0.078440242,0.0486849449,0.3234055174,4.4504523e-05,1.4917499,69.337563,15.074594,74.497108,27.3125,-0.44263214,8,1
0.30733857,0.8054797555,1.07719413,0.00012109504,7.5149169,64.822769,5.7620592,69.101242,28.959358,-0.60289395,8,1
-4.4364429,1.833121377,5.933459054,0.0016275279,17.756315,63.267578,8.5451403,68.59523,29.010868,-0.10846391,8,1
-1.9750985,1.750396757,2.227428425,0.0087524885,9.8902273,64.408264,14.074683,70.68969,31.911156,0.61050045,8,1
1.7207798,0.2436139401,0.2825884806,6.5414963e-05,6.6826224,54.490288,2.9821365,67.879959,28.159098,-0.97496617,4,1
1.7207807,1.411244816,1.216865435,7.0087458e-06,17.141685,54.490288,2.9821365,67.879959,28.159098,-0.97496617,4,1
-2.1063504,0.8154253041,0.876015617,0.00015432147,35.166832,42.775013,24.075239,63.790226,29.220718,-0.47118217,4,1
1.7207798,1.980352606,2.183187192,0.0001697674,14.043486,54.490288,2.9821365,67.879959,28.159098,-0.97496617,4,1
-3.5022073,1.279313221,0.9097813517,0.00029737229,20.926498,56.743885,2.4044161,71.065125,32.124519,-0.35682067,4,1
1.2024583,1.813876396,0.1980724643,0.00013670328,9.8202972,58.47504,1.9120269,73.529701,24.382765,-1.1859479,4,1
1.2024583,1.704733114,0.0384085641,3.0951687e-05,19.677816,58.47504,1.9120269,73.529701,24.382765,-1.1859479,4,1
-2.1063504,0.05192323566,0.02105121642,2.0275815e-05,3.6680431,42.775013,24.075239,63.790226,29.220718,-0.47118217,4,1
1.9678559,0.8604021059,3.143205618,7.0126429e-05,15.994777,53.109318,2.8584023,74.928596,26.642019,-0.88761938,4,1
-0.98909652,0.9899190419,0.4286488389,3.991853e-05,15.957555,57.580048,3.5275395,74.855858,27.059578,-0.72627401,4,1
1.941303,0.763694878,0.5732210708,4.0063238e-05,17.65616,55.229561,2.4844456,74.371254,25.751087,-1.0052643,4,1
1.9678559,4.160990512,1.898935826,0.00022194654,22.818306,53.109318,2.8584023,74.928596,26.642019,-0.88761938,4,1
0.16030882,0.8776767687,1.891485702,7.569437e-05,17.883139,50.278236,2.9241149,70.06649,27.953726,-0.62780547,4,1
0.54280674,-0.5533518931,0.3328528982,6.2051397e-05,19.34107,59.116467,5.4083395,71.436356,27.560833,-0.94639254,4,1
-0.1881213,0.584517209,0.7494921248,0.00051338499,11.567466,62.208408,6.7208214,69.58474,28.102753,-0.98105699,4,1
-0.80279577,2.486365532,1.758232885,0.0011526212,12.490739,59.802956,4.5656524,71.921967,31.387774,-0.17569721,4,1
-0.68882108,1.16017377,1.442801876,0.0019714537,26.41576,56.019615,8.6625481,68.22654,32.004025,-0.34080827,4,1
-1.5297511,1.373688874,1.151445279,0.00027576313,26.288076,55.488922,3.3709514,70.65905,31.297058,-0.50390255,4,1
1.5344577,1.180582562,1.559719686,0.00018464371,22.376228,52.192432,2.7282,67.810852,28.165308,-0.76617348,4,1
0.96616793,4.129215849,2.64946861,0.00018433601,26.07235,51.200722,3.7834749,69.557152,28.661442,-0.69317818,4,1
0.19972238,14.75189522,15.25876586,0.00017500327,31.631351,49.754265,5.3226595,72.154274,29.366611,-0.58942711,4,1
-2.4108078,2.367100954,2.863751287,0.00052459724,27.104479,48.081421,2.2629197,64.975983,28.806602,-0.73953003,4,1
0.16030882,3.342346599,1.430511437,0.00030329594,16.304781,50.278236,2.9241149,70.06649,27.953726,-0.62780547,4,1
-2.0992627,1.133036728,1.132294276,0.0063189906,12.410665,59.074276,6.6955924,70.683342,33.579605,0.3200911,4,1
-0.28861421,2.326501514,2.668245082,0.00056007924,18.616352,49.561497,2.0690672,68.578987,31.492716,-0.52330673,4,1
-3.505775,6.291159762,5.557314572,0.00032053539,30.605013,42.390747,2.6400979,64.578384,28.116274,-0.97816896,4,1
-1.6506112,3.335099893,2.727153525,0.00011933538,22.887068,45.385651,1.2128965,67.445984,26.791159,-0.98768902,4,1
-1.6506112,2.17709939,1.099737333,6.4108972e-05,10.37954,45.385651,1.2128965,67.445984,26.791159,-0.98768896,4,1
-2.2912388,1.493995569,2.286542025,0.0010700574,13.897369,59.108196,4.5429587,72.289604,31.508884,-0.3809312,4,1
-2.615006,2.248025378,4.171328735,0.00028594109,15.276829,42.40572,3.893698,60.699028,29.487434,-0.84951454,4,1
-3.7092481,2.136129356,5.204203889,0.0015866614,18.661427,51.549011,2.6231754,66.006409,30.606724,-0.4450106,4,1
-3.2493334,5.8750414,5.450707235,0.00048729632,21.233797,39.146717,4.0927801,62.70863,29.301844,-0.27215767,4,1
-3.9437156,5.068306735,4.614226334,0.0009485074,24.357874,46.898346,3.0019851,65.742867,28.823051,-0.75586671,4,1
-4.2728972,6.365333979,4.209832281,0.00019777151,29.466864,37.117226,2.0489256,62.838345,28.283428,-0.79876983,4,1
-3.0324886,5.963604583,4.389706155,0.00049147155,33.42157,38.434105,4.6753278,57.93565,26.303036,-0.89577442,7,1
-3.1839139,3.266134029,3.989990648,0.0011990127,27.847719,41.56308,5.3562808,60.074688,30.315994,-0.75382185,7,1
-0.69118184,2.24967241,2.184123634,0.00055244553,20.450918,41.984257,2.0468581,55.235271,29.846975,-0.83675653,7,1
-4.8260818,2.206223559,2.423298167,0.0013683678,26.618603,48.452766,8.4285336,64.235413,30.816206,-0.21669745,7,1
-0.99217677,6.372064242,2.579394153,0.00028583239,20.370893,48.374981,3.39063,60.319336,28.593227,-0.67506135,7,1
-0.23651549,1.938366035,1.951892211,0.0032842127,16.783171,53.72683,5.8699155,64.738533,32.817223,-0.044668913,7,1
-0.7068398,2.162584734,1.498479976,0.00018708737,15.273698,43.499916,2.3553145,56.274288,29.468819,-0.80040944,7,1
1.0570703,1.460906739,0.8324710548,9.4113981e-05,7.9861455,45.867386,6.6053209,64.084923,25.983568,-1.1431813,7,1
-0.95620537,0.9628046427,0.4635280137,0.00035905867,9.8584328,47.152458,4.9364314,64.069336,28.384125,-0.84800893,7,1
-2.9129598,3.873706063,4.337595954,0.0030526484,15.445632,44.858162,34.939278,50.418716,31.014051,-0.13147637,7,1
-1.5071216,3.777046701,1.635425241,0.00029106531,4.8134365,49.526764,14.321099,54.225273,28.230644,-0.97908968,8,1
1.6421636,0.3697118487,0.0008989391527,4.7084697e-05,3.3272715,42.702736,11.437714,50.563725,24.727526,-1.0215516,8,1
1.6421636,0.31341019,0.2340627772,0.00021932616,6.0095234,42.702736,11.437714,50.563725,24.727526,-1.0215516,8,1
-0.73361343,0.5226124113,1.08289162,1.0693385e-05,5.1844463,32.997097,21.189548,52.398579,22.226875,-1.1136286,7,1
-1.3145102,0.6221151424,1.373782123,0.00040052706,12.643835,44.887604,14.274083,52.195251,26.114702,-1.2703383,8,1
-0.21958032,0.01455146641,0.01396319277,2.5247762e-05,0.87207437,48.659187,6.1426229,57.42215,29.048084,-0.62506914,8,1
-0.29528406,0.3361267957,0.6885327279,0.0003233329,3.9771647,37.985069,13.114341,52.23735,23.453609,-1.3632617,8,1
-0.29965544,0.7240940463,0.9995475593,0.0010356525,7.7944303,54.58041,5.9800663,64.141502,30.251207,-0.65325439,7,1
-0.029385623,0.2641276788,0.5606711628,0.00026843845,15.817997,49.669777,8.2896662,58.26717,26.82563,-1.042878,8,1
0.63335258,0.6057874644,0.7012768922,0.00010760751,17.655655,37.62648,11.842882,55.543007,24.370523,-0.86936164,7,1
0.65418655,0.7397548681,1.33985531,0.00085302262,14.752751,54.194397,9.8078222,65.33255,30.497086,-0.38306907,7,1
-0.27560443,1.932267563,2.283809301,0.00020593584,20.008202,42.014786,12.895751,58.310997,23.669954,-1.0104442,7,1
-0.27560443,2.960774413,0.3093209278,3.0558222e-05,2.3284805,42.014786,12.895751,58.310993,23.669954,-1.0104442,7,1
-0.27560443,1.328176506,0.82903907,3.3879765e-05,8.0056438,42.014786,12.895751,58.310997,23.669954,-1.0104442,7,1
0.95861989,3.277855887,2.040586145,5.4104398e-06,24.064592,35.960846,11.443252,54.524921,24.654799,-0.81211317,7,1
0.77724564,0.3939768627,0.5551133299,0.0001912234,24.70393,36.896637,11.667773,55.094753,24.493769,-0.84454155,7,1
-2.1063504,0.3097572803,0.8829351234,0.00018811451,32.505066,42.775013,24.075239,63.790226,29.220718,-0.47118217,4,1
-2.1063504,0.07160196992,0.2908971945,5.6884925e-05,5.3071642,42.775013,24.075239,63.790226,29.220718,-0.47118217,4,1
-2.1063504,0.09229277497,0.119610758,3.3229808e-05,4.0315394,42.775013,24.075239,63.790226,29.220718,-0.47118217,4,1
-1.6060057,0.5662783503,0.8801210494,0.00011895966,30.801735,43.303604,21.089035,63.841671,28.671261,-0.58524418,4,1
-0.27560443,0.07363105699,0.1569128424,6.3109372e-05,5.6950579,42.014786,12.895751,58.310993,23.669954,-1.0104442,7,1
0.51185381,0.2465252229,0.2253626673,0.00010793454,27.883846,45.112339,9.3171911,63.466309,26.146856,-1.0493567,7,1
-0.27560443,0.7701690397,1.698274269,0.00011492549,33.625237,42.014786,12.895751,58.310993,23.669954,-1.0104442,7,1
-3.1083887,3.092666792,2.902721663,0.00059442443,23.605953,42.995407,7.8047028,60.601597,28.049438,-0.77183908,7,1
-2.9928174,1.955158437,1.932296388,0.00014910997,15.36029,40.115738,10.186156,61.605896,28.348589,-0.75535536,7,1
0.30073097,0.674525749,2.372696745,6.7126966e-05,21.222902,35.862396,6.674829,60.576599,26.843199,-0.88775754,7,1
-5.0093694,9.556385533,5.390923021,0.0046637463,15.557883,63.483368,16.492405,67.255203,31.423452,0.71232808,7,1
-2.5351176,1.545855018,3.305830832,0.00018207441,9.2392902,43.85865,7.2780981,61.355625,27.063196,-1.0758685,7,1
-0.68569714,1.59119926,1.240642998,0.0061419038,9.4880657,50.911957,14.46122,60.328705,32.022758,-0.081752241,7,1
-0.72426295,0.8061916674,0.273600763,0.00017240626,10.5163,36.970814,5.898488,53.310627,24.930426,-1.2537712,7,1
-0.72616231,1.07314803,0.5236009253,0.00023076741,7.5105734,46.821533,8.7016354,60.684639,27.610365,-0.78622729,7,1
-0.28513744,0.6855196358,1.138843422e-06,1.3353418e-05,5.8232284,39.156162,8.8294315,57.951534,23.831532,-1.0811346,7,1
0.18333963,0.7819699219,1.04200113,0.00094428193,7.6343646,46.166679,13.620763,56.906612,27.354053,-0.63074476,7,1
-0.73361343,2.468359107,0.01596361705,0.00011380816,13.906735,32.997097,21.189548,52.398579,22.226875,-1.1136286,7,1
-0.65298009,-0.01451133858,0.02312661181,7.5636715e-05,2.3928118,34.122978,18.930107,53.396832,22.544359,-1.1071997,7,1
-0.73361343,0.1858794901,0.05748901692,6.645175e-05,1.9920608,32.997097,21.189548,52.398579,22.226875,-1.1136286,7,1
-1.9748887,1.021469942,3.804605226,7.7777608e-05,10.038422,33.408791,31.763563,44.420208,22.382862,-1.237957,7,1
-1.035974,0.09700983082,1.159172219,7.937615e-05,2.3334756,43.296139,14.763212,56.334038,26.412809,-0.88971311,7,1
-1.0342622,0.2243948835,0.4099148521,0.00074412941,2.9739084,37.579918,40.126675,44.387203,28.570253,-0.59114814,7,1
-1.9072543,2.482701624,1.901836617,0.0034993947,10.604568,32.613419,37.974419,44.808449,26.707781,-0.58328617,7,1
-0.73765057,0.6829499293,1.036990106,0.0018135605,8.4676476,44.770439,9.415163,55.075806,28.277922,-0.78989017,7,1
-1.5762491,1.212937056,1.042054697,0.000743846,13.867015,63.406254,12.539329,59.608166,27.80632,-0.56404066,7,1
-2.793854,3.135335349,5.421683153,0.0011360304,22.684753,49.457901,11.839535,60.119976,27.09564,-0.74908942,7,1
-0.54629147,2.22485089,2.141580851,0.016090976,11.28057,51.488644,26.069658,59.319504,31.513,0.15288994,7,1
-1.6624885,1.281949297,2.450272024,0.0017729596,17.721222,42.618931,6.5303378,56.404655,27.381096,-1.0277088,7,1
-2.0261066,1.057642252,0.5268725003,0.00068122183,19.659256,45.903511,8.0113297,57.828228,26.342461,-1.1679884,7,1
-2.8253849,0.8989341658,1.291145824,0.00037033248,26.819286,42.075916,7.0839481,54.161064,25.20479,-1.3322997,7,1
-2.643599,0.8047953482,0.7406535143,0.00039926148,11.783856,47.106529,8.8694315,63.277679,30.126663,-0.63451421,7,1
-0.28513744,7.855825024,2.597861786,8.4047984e-05,33.036522,39.156162,8.8294315,57.951534,23.831532,-1.0811346,7,1
-0.28513744,1.698179812,5.745151393,2.3957604e-05,18.316933,39.156162,8.8294315,57.951534,23.831532,-1.0811346,7,1
-1.8085049,1.504972756,0.637684876,0.00012595774,10.74791,34.034191,29.267979,45.864639,22.570906,-1.2176009,7,1
-1.9478426,0.4693996318,1.061678948,0.00017647432,4.1906137,33.399921,31.535769,44.5919,22.379148,-1.2349966,7,1
-1.9748887,2.134045815,2.019393248,0.00016879397,14.451751,33.408791,31.763563,44.420208,22.382862,-1.237957,7,1
-0.28513744,1.024810993,0.6566443567,0.00019205357,10.973819,39.156162,8.8294315,57.951534,23.831532,-1.0811346,7,1
-0.29349965,1.161502874,1.030920448,7.2386109e-05,19.334635,39.573723,5.6026039,60.184456,24.464563,-1.2824179,7,1
-0.29349965,2.080315005,0.3649792645,9.6938122e-05,8.1412458,39.573723,5.6026039,60.184456,24.464563,-1.282418,7,1
-1.4709995,1.661591725,0.4361248833,0.00068704435,9.2873802,50.44651,6.7326798,61.372547,28.828672,-1.0498679,7,1
-0.44214833,0.007210504384,0.002155437802,3.4816607e-05,1.9401448,42.012886,11.359121,59.240662,24.178959,-1.046118,7,1
-0.17074177,0.04777272813,0.001626190091,5.4678392e-05,1.5243744,39.527477,6.7743196,59.74337,25.029734,-1.1556534,7,1
-1.1120098,1.784323698,2.433400242,0.00054355693,16.454571,48.824909,8.8848534,62.595211,28.843153,-0.90278298,7,1
-0.87693977,1.74336998,1.95311034,0.00010412365,12.556325,41.859116,5.3961382,62.629677,26.086945,-1.1923332,7,1
-0.92468941,0.005349359676,0.1983725809,1.4895187e-05,2.9305334,42.005486,5.382915,62.787354,26.186407,-1.1868105,7,1
-0.92468941,2.277448077,1.924981092,7.6603821e-05,25.738985,42.005486,5.382915,62.787354,26.186407,-1.1868105,7,1
-2.5351176,6.265183211,2.795981415,0.00020771869,24.380075,43.85865,7.2780981,61.355625,27.063196,-1.0758685,7,1
-1.7953744,1.773114645,1.590419348,0.00019697177,16.65379,48.389488,7.8975835,59.841156,26.850298,-0.86432523,7,1
-2.902411,1.448986777,1.516086239,0.0010001942,19.181841,51.107471,8.6799431,62.357376,30.064213,-0.55993551,7,1
-3.868284,2.070818099,1.61840152,0.00035277082,19.708876,39.617565,9.0755453,59.037113,25.914457,-1.0698227,7,1
-3.0604172,1.11782718,1.431747823,0.0011831347,11.348851,53.944279,11.771861,57.267719,28.906557,-1.1866666,7,1
-1.3689452,1.586857815,2.153558316,0.0064762346,16.495752,54.212219,15.325729,65.144608,32.298424,0.055474937,7,1
-2.2132483,2.77273807,2.601443099,0.012211454,13.56137,56.073917,23.042822,64.937439,33.228676,0.74899185,7,1
-2.1618679,1.73652773,1.459229676,0.00066070084,27.580103,41.110287,7.5478802,59.575291,27.572596,-0.85035974,7,1
-1.5247347,1.929240774,2.902641571,0.0015567859,16.504217,47.470535,7.6063232,59.169727,28.615591,-1.0599439,7,1
0.58376366,3.208222761,3.24983874,0.0010297567,21.441378,46.538589,6.8639884,58.999115,28.195992,-0.9491204,7,1
-1.8189933,3.161447661,2.306489409,0.00084006699,21.816387,42.759819,4.6488523,59.993553,27.27589,-0.98705083,7,1
-1.2517316,3.484211526,1.228261099,0.00061119808,15.526634,46.660381,7.3071165,55.114872,30.279335,-0.76277554,7,1
-0.82578939,0.9585060508,0.9292412205,0.00017410392,16.338747,47.507797,4.511313,62.275524,26.195148,-1.0283864,7,1
-1.2517316,3.423698012,4.642126161,3.307837e-05,31.330332,46.660381,7.3071165,55.114872,30.279335,-0.76277554,7,1
-2.9310584,3.966007881,2.467922989,0.00042555039,22.405121,40.488087,2.939954,60.160332,27.152977,-0.92196643,7,1
-0.82578939,-0.3908334746,-0.3524099299,0.00022108435,10.972018,47.507797,4.511313,62.275524,26.195148,-1.0283864,7,1
-3.4508791,2.574230823,2.333969229,0.00027179188,20.545179,46.925026,4.9929438,61.383499,30.939466,-0.66322017,7,1
-3.1062918,2.485643798,2.928577232,0.0041170423,13.394892,55.476387,8.2581768,64.927498,33.391373,-0.17629951,7,1
-2.4621391,3.316421416,1.720117034,0.00025044475,19.06666,42.17136,3.0279903,60.071461,27.395847,-0.87201786,7,1
-2.7678161,3.863864032,4.344973277,0.00064184377,22.577574,47.557796,5.9015694,63.179798,29.107693,-0.70750761,7,1
-4.1369104,4.821961687,2.98471407,0.00075053307,30.978981,42.868195,3.3606749,61.399586,27.709526,-0.97613454,7,1
-2.4386899,2.116782886,0.7470947996,0.00035062083,35.358257,37.153713,3.6850054,56.213631,26.74416,-1.1223993,7,1
-0.10503003,0.114893844,0.07640085864,9.3392206e-05,1.9803725,53.693314,3.5342634,66.775848,27.584118,-1.1168574,8,1
-0.10503003,0.09356062422,0.2172449662,9.0226371e-05,2.9473941,53.693314,3.5342634,66.775848,27.584118,-1.1168574,8,1
-0.10502978,1.228550546,0.8437058213,0.00034402101,4.3008952,53.693314,3.5342634,66.775841,27.584118,-1.1168574,8,1
0.45498833,0.1669426316,0.0373561346,4.4749471e-05,7.842557,50.31472,1.7225262,66.597839,23.668198,-1.0993682,8,1
-0.33890828,0.4703544386,0.2865387006,0.00013217352,9.3137388,55.458473,3.7618837,65.741783,23.709641,-1.1562942,8,1
1.037637,0.168482992,0.01539052943,4.6693262e-05,10.045366,52.361263,2.2188532,68.945053,23.284206,-1.1659269,8,1
1.1365228,1.640550327,1.524746566,0.00013024744,6.935616,53.841167,2.9886239,67.579361,25.270329,-1.0722938,8,1
0.93181217,0.3611891389,0.04713921448,0.00016444238,4.0180168,51.816875,2.0868285,68.322372,23.380522,-1.1492324,8,1
0.45498833,0.08093272946,0.1112587067,4.6208694e-05,3.3577752,50.31472,1.7225262,66.597839,23.668198,-1.0993682,8,1
0.45498833,0.01181725326,0.1022597935,4.3776654e-06,1.6254084,50.31472,1.7225262,66.597839,23.668198,-1.0993682,8,1
0.45498833,0.05478556796,-0.004674774185,4.3290249e-05,4.2104335,50.31472,1.7225262,66.597839,23.668198,-1.0993682,8,1
0.42096102,0.6529095283,0.4321001807,0.00054384134,6.0549607,58.223278,2.1496668,71.40551,29.838142,-0.40470198,8,1
0.30256328,0.01539031066,0.725445297,1.5219544e-05,2.9496558,58.727489,2.61532,69.250145,26.224953,-0.63703597,8,1
-0.22967106,4.704845098,0.03005320143,3.3289816e-05,4.1617384,67.362526,3.5316997,72.074181,28.824699,-0.16692936,8,1
-0.18459505,3.06326899,1.036685416,0.00033871469,10.602429,66.789177,3.4708545,71.883362,28.652847,-0.19800514,8,1
-1.8559572,0.3148563973,1.916365877,0.00025202302,5.8047729,57.431881,2.1340795,70.134201,29.44305,-0.37090868,8,1
-1.8559572,0.04674925252,0.5588988495,0.00019448147,7.3907361,57.431881,2.1340795,70.134201,29.44305,-0.37090868,8,1
-1.2022086,0.2872331152,0.1050089527,3.5388952e-05,25.441807,52.939194,3.0945406,61.880894,28.111946,-0.85396177,8,1
-7.6610527,1.191028259,-0.3128044277,6.7399684e-05,26.37904,53.069626,2.9381406,62.062382,30.01016,-0.73064601,8,1
-7.6610527,1.18416061,2.254242696,0.00039789057,16.746763,53.069626,2.9381406,62.062382,30.01016,-0.73064601,8,1
-1.0417849,0.659506311,0.8505183961,0.00047790544,9.7168331,63.404388,2.8125072,67.571625,29.548946,-0.394416,8,1
1.037637,0.2238970464,0.07032083905,0.0001634264,4.7718091,52.361263,2.2188532,68.945053,23.284206,-1.1659269,8,1
1.1365228,0.1312519646,0.4970316883,5.7171317e-05,8.7893686,53.841167,2.9886239,67.579361,25.270329,-1.0722938,8,1
1.1170282,0.2836250619,0.4204387486,0.00028516015,6.3298898,53.61607,2.871542,67.784286,24.953661,-1.0872227,8,1
1.037637,0.07595635959,0.08227412872,8.4445255e-06,6.9238505,52.361263,2.2188532,68.945053,23.284206,-1.1659269,8,1
-0.23313451,0.148098704,0.2101480222,0.00017962646,4.4710712,48.528568,6.0522127,57.370628,29.163404,-0.59660542,8,1
-0.64651161,0.261383224,0.3327862286,0.00078912068,4.0472159,59.072746,10.098011,64.0298,30.906132,0.1024121,8,1
0.010473387,0.1589228782,0.2838332859,4.0373081e-05,4.5494447,50.788559,7.6164851,58.260963,27.334171,-1.0481048,8,1
0.010473387,0.1411597563,0.05130803789,1.5560458e-05,2.2876394,50.788559,7.6164851,58.260963,27.334171,-1.0481048,8,1
-1.6070938,0.4339120745,0.3534590803,0.00016695233,5.6754613,51.265728,6.8087587,61.667137,25.120226,-0.73418617,8,1
-0.5635944,1.938227487,2.518907141,0.0027007239,10.814937,56.404865,10.831233,63.373207,32.215439,-3.8594007e-05,8,1
1.6421636,1.070545762,2.926477924,7.6462333e-05,7.481648,42.702736,11.437714,50.563725,24.727526,-1.0215516,8,1
-2.9993589,1.897500288,3.074003847,0.011810752,12.268354,56.792145,18.611864,63.599716,33.189861,0.28519824,8,1
0.20314141,0.0438805462,0.01802768584,0.00014911908,3.9491951,50.197186,22.446487,51.374626,29.709234,-0.81318647,8,1
-1.5578978,1.145910836,1.267479788,0.0035720558,11.51192,59.010239,17.256414,60.813721,30.650938,-0.31727895,8,1
-0.82384318,0.9554945471,1.052326739,0.00067036191,10.080514,55.510319,4.8834577,68.646988,28.067699,-0.80555642,8,1
-0.078440242,0.1349596193,0.06322701092,5.3063086e-05,1.4019406,69.337563,15.074594,74.497108,27.3125,-0.44263214,8,1
0.54560494,0.4102660647,0.3062995145,0.00059919473,5.6735134,49.489044,4.0140433,58.268852,26.938025,-0.94697106,8,1
-0.24250576,1.102070714,0.7141228138,0.0010374534,7.7007661,59.367855,7.7943983,62.438477,28.174866,-0.64431101,8,1
-0.1465577,0.8166214228,1.636873501,0.00014392487,6.6658354,55.329014,5.1687036,64.864235,25.840933,-0.89288741,8,1
-0.50420022,0.5815926262,0.3209919725,0.00087283936,6.1191125,39.354427,2.6270494,46.968414,28.07695,-0.97807771,8,1
0.017417328,1.021991653,0.8313664283,0.00043692923,11.926901,50.061806,12.527357,64.964607,24.761183,-0.57102132,8,1
0.017417328,3.300342892,3.34256948,0.00015034123,27.035391,50.061806,12.527357,64.964607,24.761183,-0.57102132,8,1
-4.9103189,5.824003091,3.415554777,0.0017623008,17.55789,58.77264,7.8137665,68.020233,30.775574,0.057165921,8,1
-2.6625969,2.411175912,1.951728736,0.0002266839,22.361397,47.185867,9.050395,58.953892,25.301085,-0.95753205,9,1
-3.4470983,0.07818705901,-0.08378425815,4.0475661e-05,7.0975556,48.075016,9.6990023,59.135651,25.319988,-0.96946448,8,1
-1.3474412,1.646349151,1.305190181,0.00046319002,12.286482,59.16946,5.4563637,60.490669,25.90571,-0.70644128,8,1
-1.6904904,0.5992076212,0.592427637,0.00019298443,10.05777,55.481876,5.0272908,61.315502,25.627275,-0.73979014,8,1
-2.0360622,0.2106432392,0.1101211635,3.0457466e-05,3.0837166,52.996201,4.7380667,61.892311,25.451723,-0.76081645,8,1
-1.3474412,0.2151820305,0.4657760111,8.9245208e-05,10.729323,59.16946,5.4563637,60.490669,25.90571,-0.70644128,8,1
-1.3474412,0.2717153849,-0.04782411336,8.850765e-06,10.525335,59.16946,5.4563637,60.490669,25.90571,-0.70644128,8,1
-2.0269709,1.795446158,4.565463451,0.0013865335,11.969158,70.555321,9.1902905,61.676769,29.357561,0.16528577,8,1
-1.2812476,2.524630063,2.043982573,0.0050977236,13.781879,59.722782,11.501205,67.8498,33.750717,0.36602378,8,1
-3.8289151,5.614168605,3.578870705,0.00054063398,38.482697,60.024773,7.2357683,64.972366,31.579918,0.07727541,8,1
-1.9686755,1.451075974,2.921902742,0.00095086888,14.750043,57.780762,6.1890283,64.578995,26.691679,-0.44922322,8,1
0.18558279,0.5876765858,0.4160090802,4.3142882e-05,9.3563576,59.275131,6.8987422,63.349621,26.565292,-0.28941894,8,1
-0.6080451,0.1315542512,0.2214775422,8.598272e-05,3.0675747,57.384651,5.0159678,64.094368,24.480553,-0.96315801,8,1
-1.0323628,0.1373853543,0.1072263495,0.00014386589,1.6283091,60.059132,8.3887701,70.481247,24.918301,-0.72255552,8,1
-2.0360618,0.2684212921,0.1915166151,0.00014178475,4.9193411,52.996193,4.7380667,61.892311,25.451723,-0.76081645,8,1
-4.3211913,2.266130638,5.768893169,4.8355469e-05,29.644943,55.992985,5.3399663,66.058311,26.838783,-0.63522625,8,1
-0.97112787,0.7092294579,0.66863957,0.00028623937,8.1868868,56.838959,4.4994507,64.320602,24.0793,-1.1215461,8,1
-1.671898,1.598302422,0.909639899,0.0005569426,15.618775,50.637562,7.5703731,59.058201,24.913441,-1.2454039,9,1
-1.9140829,1.404062973,0.4943013579,2.7925847e-05,29.623667,46.326069,8.4231977,58.780144,25.281488,-0.94516397,9,1
-1.9140829,0.7283148251,0.4931526297,2.7116403e-05,21.950331,46.326069,8.4231977,58.780144,25.281488,-0.94516397,9,1
-1.4626911,0.7576142175,1.033631924,0.00078049843,11.778959,53.54364,8.6783485,57.232388,27.197224,-0.87389719,9,1
-2.2071526,0.6031307982,0.236672425,0.00050392898,15.431023,58.045353,6.9948063,61.193596,28.9209,-0.47314838,9,1
-3.5320747,3.138163302,1.813549867,0.00090793817,15.043059,53.52528,5.9513302,60.62727,28.227039,-0.61791205,9,1
-1.054239,0.3961167022,0.1264972809,0.00017518927,13.241341,52.62606,5.7991166,58.323814,26.194181,-1.2479908,9,1
-2.3616126,1.645857209,1.188822283,0.00058878568,19.961796,47.907223,3.5176511,59.633923,27.862068,-0.90989345,9,1
-0.59137172,1.593750817,1.022152643,0.0026180516,19.27894,44.300591,25.499996,53.438522,27.627262,-0.469791,9,1
-0.32054633,0.7510322941,0.8905195974,0.0023280471,9.356535,42.873596,24.068878,51.431698,25.557894,-0.37331298,9,1
-0.29997262,1.562652754,1.202375279,0.0050842729,14.990981,42.371197,29.717182,52.988743,27.206635,-0.21721222,9,1
-1.5656624,1.074454491,0.8684764417,0.0013785842,12.327771,54.407936,15.486649,55.934376,27.751276,-0.64662069,9,1
-1.5826262,2.020141866,1.621298862,0.0092167854,10.163795,58.436691,19.84725,62.19405,32.010372,0.20199046,9,1
-5.9646678,7.323061855,10.72659131,0.008600127,20.759171,63.125793,40.493267,63.161934,28.951084,1.2397215,9,1
-1.0292124,0.1576655778,0.06432787498,0.00022212128,1.9236912,43.870708,11.570393,59.162868,24.736853,-0.97464812,8,1
-1.0292124,0.1432010125,0.04119506143,8.1462567e-05,5.6206617,43.870708,11.570393,59.162868,24.736853,-0.97464812,8,1
-1.8415282,1.425803976,-0.1656659258,8.858426e-05,21.326891,64.083649,5.8315969,63.922291,27.441429,-0.80322534,9,1
-1.0240397,1.172199587,1.384547248,0.0016293437,9.3004436,56.279625,16.352644,67.529526,32.993275,0.091261119,8,1
-4.2242026,3.253366851,2.65157997,0.002158876,16.885532,60.42173,16.765381,67.682365,30.317905,-0.053227842,9,1
-1.9575645,2.052320402,1.802475504,0.016616778,10.515198,66.415176,33.216503,66.113968,32.653992,0.82083642,9,1
-0.191006,0.3819705376,0.4027424102,0.0056155096,3.8561041,47.409241,22.459389,61.994152,31.731392,0.17525733,8,1
-1.0292124,0.04010314685,0.02986729877,1.7921766e-05,4.802959,43.870708,11.570393,59.162868,24.736853,-0.97464812,8,1
-0.79731542,0.07724788327,0.09177328505,0.00010981271,2.8805976,57.770233,6.0114903,60.167545,27.549925,-1.0952814,9,1
-2.0758402,3.082843753,2.632387803,0.010042942,13.029737,61.681141,28.169796,61.716946,31.983242,0.16513899,9,1
-0.39937109,1.540398704,1.619275469,0.0010810457,7.4966431,39.488346,40.709465,47.004379,25.199646,-0.85998583,9,1
-1.6731677,2.247961359,1.75115049,0.0023140337,11.30168,62.960434,21.891991,62.48148,29.104698,0.086217374,9,1
-2.1218104,3.587252807,2.641956914,0.058643188,16.617981,51.910698,41.507904,57.081898,34.167992,0.47524124,9,1
0.25283864,0.7337532665,0.3717688279,0.00032115381,20.669422,61.466747,5.6779742,64.288025,27.345699,-0.66858029,8,1
0.094874628,0.6297829213,0.2582636917,0.00027408436,8.7582741,63.431084,7.5807624,63.427483,27.153042,-0.58047128,9,1
-0.7202189,2.922931877,4.340779085,0.00032302577,22.923872,45.023529,15.311076,56.898701,24.104591,-0.56306547,9,1
0.088639028,1.049396973,2.16569796,0.00035353992,10.083637,53.173916,14.891973,62.879066,26.738909,-0.5075804,9,1
-1.2744164,2.614562241,1.56933705,0.0021817214,13.687265,59.320896,5.2255912,64.30542,29.937315,-0.45944363,9,1
-0.35012302,0.5774992959,4.171563207,0.00030893911,17.502171,48.819168,15.115899,59.717953,25.345543,-0.53692806,9,1
-2.7184603,1.799627113,1.298699025,0.00078796782,23.562695,49.251907,5.680459,59.778309,26.988892,-0.93078822,9,1
-2.9295182,2.958373304,3.1014893,0.0065894877,16.194769,62.701408,14.186232,67.629601,31.65218,0.31852275,9,1
-2.8857899,4.029448075,3.501962337,0.00023690032,18.09186,46.018227,9.8420944,61.028568,25.688225,-0.7484374,9,1
-2.3611753,3.225042412,2.070646455,0.003352935,19.846972,58.671749,10.318385,65.119354,29.387066,-0.22159144,9,1
0.48463154,0.3150871937,0.9075155083,0.0002459262,12.554596,51.05933,5.3552065,63.965965,28.558386,-0.71424258,9,1
0.030153565,1.627475995,1.214674785,0.00091927685,15.665828,40.502605,22.236282,58.300503,26.459965,-0.33609152,9,1
-1.2101632,1.304531748,5.361175244,0.0011934924,14.83869,54.937725,14.487156,63.672302,26.361238,-0.33043569,9,1
-0.48704445,2.758190325,0.6023166179,0.00014934743,21.638559,49.643291,9.4706154,64.612694,26.79125,-0.96523035,9,1
-0.48704445,0.5931880559,-0.03860010845,2.6254158e-05,17.658859,49.643291,9.4706154,64.612694,26.79125,-0.96523035,9,1
-3.2095909,1.206986588,0.8791053357,0.00054889417,17.939476,56.578392,6.4504123,64.894577,28.543495,-0.36820471,9,1
-1.844717,0.07827925994,-0.04049926647,1.2467089e-05,1.9436356,44.269081,11.65912,61.552208,25.055262,-0.6720292,9,1
-1.844717,0.5352372918,-0.4928610198,2.8830142e-05,20.917709,44.269081,11.65912,61.552208,25.055262,-0.67202926,9,1
-2.9733448,0.3613314263,0.5166663802,4.9687453e-05,5.1609616,60.446526,10.077164,61.674927,26.786827,-0.96492642,9,1
-2.117734,1.340423564,2.868176278,0.00060446729,15.105149,63.824886,12.261012,66.534142,29.666033,-0.13304487,9,1
0.82700598,1.293061836,0.2948957924,0.00032752578,13.631065,57.584846,6.1376672,60.407288,28.428104,-0.89085126,9,1
-1.7249372,1.711804335,1.24508899,0.013494661,15.038784,65.117485,15.134101,67.303772,31.104124,0.28917,9,1
